Procedure,Number,
3893,373,"3893 = ""3893: OTHER VENOUS CATH (NEC) (Begin 1989)"""
2263,245,"2263 = ""2263: ETHMOIDECTOMY"""
9672,224,"9672 = ""9672: CONT MECH VENT 96+ HRS (Begin 1991)"""
1479,168,"1479 = ""1479: VITREOUS OPERATION NEC"""
9671,165,"9671 = ""9671: CONT MECH VENT < 96 HRS (Begin 1991)"""
9604,165,"9604 = ""9604: INSERT ENDOTRACHEAL TUBE"""
9925,159,"9925 = ""9925: INJECT CA CHEMOTHER NEC"""
2262,133,"2262 = ""2262: EXC MAX SINUS LESION NEC"""
9921,131,"9921 = ""9921: INJECT ANTIBIOTIC"""
311,123,"311  = ""311 : TEMPORARY TRACHEOSTOMY"""
9904,122,"9904 = ""9904: PACKED CELL TRANSFUSION"""
2264,111,"2264 = ""2264: SPHENOIDECTOMY"""
331,99,"0331 = ""0331: SPINAL TAP"""
8669,90,"8669 = ""8669: FREE SKIN GRAFT NEC"""
9229,89,"9229 = ""9229: RADIOTHERAPEUT PROC NEC"""
8703,89,"8703 = ""8703: C.A.T. SCAN OF HEAD"""
1474,87,"1474 = ""1474: MECH VITRECTOMY NEC"""
7672,74,"7672 = ""7672: FACE FX"""
222,72,"222  = ""222 : INTRANASAL ANTROTOMY"""
3891,69,"3891 = ""3891: ARTERIAL CATHETERIZATION"""
3995,67,"3995 = ""3995: HEMODIALYSIS"""
159,66,"0159 = ""0159: OTHER BRAIN EXCISION"""
2242,66,"2242 = ""2242: FRONTAL SINUSECTOMY"""
859,64,"0859 = ""0859: ADJUST LID POSITION NEC"""
8891,63,"8891 = ""8891: MRI OF BRAIN & BRAINSTEM (Begin 1986)"""
8674,63,"8674 = ""8674: ATTACH PEDICLE GRAFT NEC"""
2252,60,"2252 = ""2252: SPHENOIDOTOMY"""
7679,59,"7679 = ""7679: FACE FX"""
212,59,"0212 = ""0212: BRAIN MENINGE REPAIR NEC"""
8965,58,"8965 = ""8965: ARTERIAL BLD GAS MEASURE"""
9929,58,"9929 = ""9929: INJECT/INFUSE NEC"""
7674,57,"7674 = ""7674: FACE FX"""
1473,57,"1473 = ""1473: ANTERIOR MECHAN VITRECT"""
1475,55,"1475 = ""1475: VITREOUS SUBSTITUT INJEC"""
8801,54,"8801 = ""8801: C.A.T. SCAN OF ABDOMEN"""
149,52,"149  = ""149 : OTHER POST SEGMENT OPS"""
8838,51,"8838 = ""8838: OTHER C.A.T. SCAN"""
3324,51,"3324 = ""3324: CLOSED BRONCHIAL BIOPSY"""
881,47,"0881 = ""0881: LINEAR REP LID LACER"""
8607,46,"8607 = ""8607: INSERT VASC ACCESS DEV (Begin 1990)"""
8659,46,"8659 = ""8659: SKIN SUTURE NEC"""
9915,46,"9915 = ""9915: PARENT INFUS NUTRIT SUB (Begin 1986)"""
3142,45,"3142 = ""3142: LARYGNOSCOPY/TRACHEOSCOP"""
1291,45,"1291 = ""1291: THERAPEUT EVAC ANT CHAMB"""
966,43,"966  = ""966 : ENTRAL INFUS NUTRIT SUB (Begin 1986)"""
16,42,"0016 = ""0016: PRESSURIZED TREAT GRAFT (Begin 2004)"""
8741,42,"8741 = ""8741: C.A.T. SCAN OF THORAX"""
2241,41,"2241 = ""2241: FRONTAL SINUSOTOMY"""
3895,40,"3895 = ""3895: VEN CATH RENAL DIALYSIS (Begin 1989)"""
1471,40,"1471 = ""1471: ANTERIOR REMOV VITREOUS"""
1651,40,"1651 = ""1651: RADICAL ORBITOMAXILLECT"""
4513,40,"4513 = ""4513: SM BOWEL ENDOSCOPY NEC"""
9905,39,"9905 = ""9905: PLATELET TRANSFUSION"""
8872,38,"8872 = ""8872: DX ULTRASOUND-HEART"""
4223,37,"4223 = ""4223: ESOPHAGOSCOPY NEC"""
8841,36,"8841 = ""8841: CONTR CEREBR ARTERIOGRAM"""
3322,36,"3322 = ""3322: FIBER-OPTIC BRONCHOSCOPY"""
8605,35,"8605 = ""8605: SKIN INCIS & FB REMOVAL"""
8622,35,"8622 = ""8622: WOUND DEBRIDEMENT (Begin 1988)"""
7676,34,"7676 = ""7676: FACE FX"""
387,34,"387  = ""387 : INTERRUPTION VENA CAVA"""
7692,33,"7692 = ""7692: SYN IMPLANT TO FACE BONE"""
3404,33,"3404 = ""3404: INSERT INTERCOSTAL CATH"""
3722,33,"3722 = ""3722: LEFT HEART CARDIAC CATH"""
4516,32,"4516 = ""4516: EGD WITH CLOSED BIOPSY (Begin 1988)"""
206,31,"0206 = ""0206: CRANIAL OSTEOPLASTY NEC"""
151,31,"0151 = ""0151: EX CEREB MENINGEAL LES"""
9923,31,"9923 = ""9923: INJECT STEROID"""
22,30,"0022 = ""0022: IVUS INTRATHORACIC VES (Begin 2004)"""
2189,30,"2189 = ""2189: NASAL REPAIR NEC"""
1449,30,"1449 = ""1449: SCLERAL BUCKLING NEC"""
1472,29,"1472 = ""1472: VITREOUS REMOVAL NEC"""
3491,29,"3491 = ""3491: THORACENTESIS"""
2749,29,"2749 = ""2749: EXCISION OF MOUTH NEC"""
8856,29,"8856 = ""8856: CORONAR ARTERIOGR-2 CATH"""
2219,29,"2219 = ""2219: NASAL SINUS DX PROC NEC"""
2188,27,"2188 = ""2188: SEPTOPLASTY NEC"""
9224,26,"9224 = ""9224: TELERADIO (PROTONS) (Begin 1991)"""
202,25,"0202 = ""0202: ELEVATE SKULL FX FRAGMNT"""
851,25,"0851 = ""0851: CANTHOTOMY"""
8964,24,"8964 = ""8964: PULMON ART WEDGE MONITOR"""
8853,24,"8853 = ""8853: LT HEART ANGIOCARDIOGRAM"""
3323,24,"3323 = ""3323: OTHER BRONCHOSCOPY"""
9339,23,"9339 = ""9339: PHYSICAL THERAPY NEC"""
981,23,"0981 = ""0981: DACRYOCYSTORHINOSTOMY"""
1292,23,"1292 = ""1292: ANTERIOR CHAMBER INJECT"""
9513,23,"9513 = ""9513: ULTRASOUND STUDY OF EYE"""
4311,22,"4311 = ""4311: PERCU ENDOSC GASTROSTOMY (Begin 1989)"""
8604,21,"8604 = ""8604: OTHER SKIN & SUBQ I & D"""
442,21,"0442 = ""0442: CRAN NERV ROOT DECOM NEC"""
8689,21,"8689 = ""8689: SKIN REPAIR & PLASTY NEC"""
904,20,#N/A
1692,20,"1692 = ""1692: EXCISION ORBITAL LESION"""
4131,20,"4131 = ""4131: BONE MARROW BIOPSY"""
8321,20,"8321 = ""8321: SOFT TISSUE BIOPSY"""
118,19,"0118 = ""0118: OTHER BRAIN DX PROCEDURE"""
8382,19,"8382 = ""8382: MUSCLE OR FASCIA GRAFT"""
2751,19,"2751 = ""2751: SUTURE OF LIP LACERATION"""
2001,19,"2001 = ""2001: MYRINGOTOMY W INTUBATION"""
1459,19,"1459 = ""1459: REPAIR RETINA DETACH NEC"""
309,19,"0309 = ""0309: SPINAL CANAL EXPLOR NEC"""
9702,18,"9702 = ""9702: REPLACE GASTROSTOMY TUBE"""
8611,18,"8611 = ""8611: SKIN & SUBQ BIOPSY"""
1682,18,"1682 = ""1682: REPAIR EYEBALL RUPTURE"""
1424,18,"1424 = ""1424: CHORIORET LES LASER COAG"""
8914,18,"8914 = ""8914: ELECTROENCEPHALOGRAM"""
9214,18,"9214 = ""9214: BONE SCAN"""
1698,17,"1698 = ""1698: OPERATION ON ORBIT NEC"""
8842,17,"8842 = ""8842: CONTRAST AORTOGRAM"""
9390,17,"9390 = ""9390: CONT POS AIRWAY PRESSURE (Begin 1988)"""
2912,16,"2912 = ""2912: PHARYNGEAL BIOPSY"""
138,16,"138  = ""138 : IMPLANTED LENS REMOVAL"""
7691,16,"7691 = ""7691: BONE GRAFT TO FACE BONE"""
5491,16,"5491 = ""5491: ABDOMINAL PARACENTESIS"""
1319,16,"1319 = ""1319: INTRACAPSUL LENS EXT NEC"""
9960,16,"9960 = ""9960: CARDIOPULM RESUSCITA NOS"""
8897,16,"8897 = ""8897: MAGNETIC RES IMAGE UNSP (Begin 1989)"""
203,15,"0203 = ""0203: SKULL FLAP FORMATION"""
4319,15,"4319 = ""4319: OTHER GASTROSTOMY (Begin 1989)"""
4041,15,"4041 = ""4041: UNILAT RAD NECK DISSECT"""
1659,15,"1659 = ""1659: ORBITAL EXENTERATION NEC"""
2101,15,"2101 = ""2101: ANT NASAL PACK FOR EPIST"""
7779,15,"7779 = ""7779: EXCISE BONE FOR GFT NEC"""
7639,14,"7639 = ""7639: PART FACIAL OSTECTOM NEC"""
2261,14,"2261 = ""2261: C-LUC EXC MAX SINUS LES"""
9383,14,"9383 = ""9383: OCCUPATIONAL THERAPY"""
863,14,"0863 = ""0863: LID RECONST W HAIR GRAFT"""
2759,14,"2759 = ""2759: MOUTH REPAIR NEC"""
3972,14,"3972 = ""3972: ENDOVAS REPAIR/OCCL HEAD & NECK VESSELS (Begin 2002)"""
1454,14,"1454 = ""1454: DETACH RETINA LASER COAG"""
9215,14,"9215 = ""9215: PULMONARY SCAN"""
139,13,"0139 = ""0139: OTHER BRAIN INCISION"""
204,13,"0204 = ""0204: BONE GRAFT TO SKULL"""
9656,13,"9656 = ""9656: BRONCH/TRACH LAVAGE NEC"""
8961,13,"8961 = ""8961: ARTERIAL PRESSURE MONIT"""
4639,13,"4639 = ""4639: ENTEROSTOMY NEC"""
1602,13,"1602 = ""1602: ORBITOTOMY W IMPLANT"""
2172,13,"2172 = ""2172: OPEN REDUCTION NASAL FX"""
2171,13,"2171 = ""2171: CLOS REDUCTION NASAL FX"""
861,13,"0861 = ""0861: LID RECONST W SKIN GRAFT"""
2181,13,"2181 = ""2181: NASAL LACERATION SUTURE"""
7646,13,"7646 = ""7646: FACIAL BONE RECONSTR NEC"""
2501,13,"2501 = ""2501: (CLOSED) BIOPSY OF TONGUE (Begin 1988)"""
2319,12,"2319 = ""2319: SURG TOOTH EXTRACT NEC"""
5794,12,"5794 = ""5794: INSERT INDWELLING CATH"""
2169,12,"2169 = ""2169: TURBINECTOMY NEC"""
229,12,"229  = ""229 : OTHER NASAL SINUS OPS"""
8877,12,"8877 = ""8877: DX ULTRASOUND-VASCULAR"""
5498,12,"5498 = ""5498: PERITONEAL DIALYSIS"""
7966,12,"7966 = ""7966: DEBRID OPN FX-TIBIA/FIB"""
2939,12,"2939 = ""2939: EXCIS/DESTR LES PHAR NEC (Begin 1991)"""
8893,12,"8893 = ""8893: MRI SPINAL CANAL (Begin 1986)"""
3143,11,"3143 = ""3143: (CLOSED) BIOPSY LARYNX (Begin 1988)"""
9392,11,"9392 = ""9392: OTH MECH RESP ASSIST (Begin 1988"
9504,11,"9504 = ""9504: ANESTHETIZED EYE EXAM"""
4523,11,"4523 = ""4523: COLONOSCOPY"""
2731,11,"2731 = ""2731: LOC EXC BONY PALATE LES"""
1091,11,"1091 = ""1091: SUBCONJUNCTIVAL INJECT"""
2131,11,"2131 = ""2131: INTRANAS LES DESTRUCTION"""
294,10,"0294 = ""0294: INSERT/REPLAC SKULL TONG"""
2260,10,"2260 = ""2260: SINUSECTOMY NOS"""
1689,10,"1689 = ""1689: EYE/ORBIT INJ REPAIR NEC"""
3409,10,"3409 = ""3409: OTHER PLEURAL INCISION"""
852,10,"0852 = ""0852: BLEPHARORRHAPHY"""
9918,10,"9918 = ""9918: INJECT/INFUSE ELECTROLYT"""
252,10,"252  = ""252 : PARTIAL GLOSSECTOMY"""
161,10,"161  = ""161 : REMOVE PENETRAT FB EYE"""
9922,10,"9922 = ""9922: INJECT ANTI-INFECT NEC"""
8343,10,"8343 = ""8343: MUSC/FASC EXCIS FOR GRFT"""
8675,10,"8675 = ""8675: REVISION OF PEDICLE GRFT"""
293,9,"0293 = ""0293: IMPLANT BRAIN STIMULATOR"""
8345,9,"8345 = ""8345: OTHER MYECTOMY"""
3961,9,"3961 = ""3961: EXTRACORPOREAL CIRCULAT"""
7675,9,"7675 = ""7675: FACE FX"""
1691,9,"1691 = ""1691: RETROBULBAR INJECTION"""
1699,9,"1699 = ""1699: OPERATION ON EYEBALL NEC"""
8339,9,"8339 = ""8339: EXC LES SOFT TISSUE NEC"""
4542,9,"4542 = ""4542: ENDO POLPECTOMY LRGE INT (Begin 1988)"""
131,9,"0131 = ""0131: INCISE CEREBRAL MENINGES"""
3129,9,"3129 = ""3129: OTHER PERM TRACHEOSTOMY"""
1427,9,"1427 = ""1427: CHORIORET LES RAD IMPLAN"""
2743,9,"2743 = ""2743: EXCISION OF LIP LES NEC"""
3327,9,"3327 = ""3327: CLOS ENDOSCOPIC LUNG BX (Begin 1987)"""
1411,9,"1411 = ""1411: DIAGNOST VITREOUS ASPIR"""
1369,9,"1369 = ""1369: CATARACT EXTRACTION NEC"""
3998,8,"3998 = ""3998: HEMORRHAGE CONTROL NOS"""
7631,8,"7631 = ""7631: PARTIAL MANDIBULECTOMY"""
838,8,"0838 = ""0838: CORRECT LID RETRACTION"""
9023,8,"9023 = ""9023: C & S-EYE"""
8851,8,"8851 = ""8851: VENA CAV ANGIOCARDIOGRAM"""
1289,8,"1289 = ""1289: SCLERAL OPERATION NEC"""
1371,8,"1371 = ""1371: INSERT LENS AT CATAR EXT"""
247,8,"247  = ""247 : ORTHODON APPLIANC APPLIC"""
9751,8,"9751 = ""9751: REMOV GASTROSTOMY TUBE"""
9983,8,"9983 = ""9983: OTHER PHOTOTHERAPY"""
925,8,#N/A
9301,8,"9301 = ""9301: FUNCTIONAL PT EVALUATION"""
8962,8,"8962 = ""8962: CVP MONITORING"""
4632,8,"4632 = ""4632: PERCU ENDOSC JEJUNOSTOMY (Begin 1989)"""
106,8,"106  = ""106 : REPAIR CONJUNCT LACERAT"""
9394,8,"9394 = ""9394: NEBULIZER THERAPY"""
3723,8,"3723 = ""3723: RT/LEFT HEART CARD CATH"""
2632,8,"2632 = ""2632: COMPLETE SIALOADENECTOMY"""
891,8,"0891 = ""0891: ELECTROSURG LID EPILAT"""
4011,8,"4011 = ""4011: LYMPHATIC STRUCT BIOPSY"""
762,8,"0762 = ""0762: EXC PITUIT LES-TRANSPHEN"""
3321,8,"3321 = ""3321: BRONCHOSCOPY THRU STOMA"""
1299,8,"1299 = ""1299: ANTERIOR CHAMBER OP NEC"""
2253,8,"2253 = ""2253: MULTIPLE SINUS INCISION"""
9607,8,"9607 = ""9607: INSERT GASTRIC TUBE NEC"""
8670,8,"8670 = ""8670: PEDICLE GRAFT/FLAP NOS"""
944,8,"0944 = ""0944: NASOLAC DUCT INTUBAT"""
9462,7,"9462 = ""9462: ALCOHOL DETOXIFICATION (Begin 1989)"""
8761,7,"8761 = ""8761: BARIUM SWALLOW"""
7902,7,"7902 = ""7902: CL FX REDUC-RADIUS/ULNA"""
870,7,"0870 = ""0870: LID RECONSTRUCTION NOS"""
7673,7,"7673 = ""7673: FACE FX"""
403,7,"0403 = ""0403: PERIPH NERVE DIV NEC"""
8876,7,"8876 = ""8876: DX ULTRASOUND-ABDOMEN"""
9909,7,"9909 = ""9909: TRANSFUSION NEC"""
1652,7,"1652 = ""1652: ORBIT EXENT W BONE REMOV"""
7645,7,"7645 = ""7645: TOT FACE BONE OSTECT NEC"""
205,7,"0205 = ""0205: SKULL PLATE INSERTION"""
9659,7,"9659 = ""9659: WOUND IRRIGATION NEC"""
9919,7,"9919 = ""9919: INJECT ANTICOAGULANT"""
9962,7,"9962 = ""9962: HEART COUNTERSHOCK NEC"""
4525,7,"4525 = ""4525: CLOS LARGE BOWEL BIOPSY"""
893,7,"0893 = ""0893: EYELID EPILATION NEC"""
215,7,"215  = ""215 : SUBMUC NASAL SEPT RESECT"""
672,7,"672  = ""672 : CONIZATION OF CERVIX"""
262,7,#N/A
869,7,"0869 = ""0869: LID RECONSTR W GRAFT NEC"""
5732,7,"5732 = ""5732: CYSTOSCOPY NEC"""
7644,7,"7644 = ""7644: TOT FACE OSTECT W RECONS"""
9359,7,"9359 = ""9359: IMMOBILIZ/WOUND ATTN NEC"""
7915,6,"7915 = ""7915: CLOSED RED-INT FIX FEMUR"""
8691,6,"8691 = ""8691: SKIN EXCISION FOR GRAFT"""
7906,6,"7906 = ""7906: CL FX REDUC-TIBIA/FIBULA"""
245,6,"245  = ""245 : ALVEOLOPLASTY"""
899,6,"0899 = ""0899: EYELID OPERATION NEC"""
66,6,"0066 = ""0066: PTCA OR CORONARY ATHER (Begin 2005)"""
2756,6,"2756 = ""2756: SKIN GRAFT TO MOUTH NEC"""
2757,6,"2757 = ""2757: PEDICLE ATTACH TO MOUTH"""
8844,6,"8844 = ""8844: CONTR THOR ARTERIOGR NEC"""
9375,6,"9375 = ""9375: OTHER SPEECH THERAPY"""
1609,6,"1609 = ""1609: ORBITOTOMY NEC"""
4562,6,"4562 = ""4562: PART SM BOWEL RESECT NEC"""
8848,6,"8848 = ""8848: CONTRAST ARTERIOGRAM-LEG"""
282,6,"282  = ""282 : TONSILLECTOMY"""
1151,6,"1151 = ""1151: SUTURE CORNEA LACERATION"""
263,6,#N/A
4443,6,"4443 = ""4443: ENDOSC CONTROL GAST HEM (Begin 1989)"""
8702,6,"8702 = ""8702: BRAIN/SKULL CONTRST XRAY"""
9723,6,"9723 = ""9723: REPLACE TRACH TUBE"""
8954,6,"8954 = ""8954: ELECTROCARDIOGRAPH MONIT"""
604,6,"604  = ""604 : RETROPUBIC PROSTATECTOMY"""
7932,6,"7932 = ""7932: OP RED-INT FIX RAD/ULNA"""
8672,6,"8672 = ""8672: PEDICLE GRAFT ADVANCEMEN"""
479,6,"0479 = ""0479: OTHER NEUROPLASTY"""
270,5,"270  = ""270 : DRAIN FACE & MOUTH FLOOR"""
331,5,"0331 = ""0331: SPINAL TAP"""
8762,5,"8762 = ""8762: UPPER GI SERIES"""
1451,5,"1451 = ""1451: DETACH RETINA-DIATHERMY"""
9907,5,"9907 = ""9907: SERUM TRANSFUSION NEC"""
7855,5,"7855 = ""7855: INTERNAL FIXATION-FEMUR"""
234,5,"0234 = ""0234: VENTRICL SHUNT-ABDOMEN"""
4573,5,"4573 = ""4573: RIGHT HEMICOLECTOMY"""
7962,5,"7962 = ""7962: DEBRID OPN FX-RADIUS/ULN"""
415,5,"415  = ""415 : TOTAL SPLENECTOMY"""
921,5,"0921 = ""0921: EXCIS LES LACRIMAL GLAND"""
3326,5,"3326 = ""3326: CLOSED LUNG BIOPSY"""
9917,5,"9917 = ""9917: INJECT INSULIN"""
838,5,"0838 = ""0838: CORRECT LID RETRACTION"""
2933,5,"2933 = ""2933: PHARYNGECTOMY (Begin 1991)"""
7769,5,"7769 = ""7769: LOC EXC BONE LESION NEC"""
251,5,"251  = ""251 : DESTRUCTION TONGUE LES"""
101,5,"0101 = ""0101: CISTERNAL PUNCTURE"""
8102,5,"8102 = ""8102: OTHER CERVICAL FUS (ANT)(Begin 1989)"""
8663,5,"8663 = ""8663: FULL-THICK SKIN GRFT NEC"""
2721,5,"2721 = ""2721: BONY PALATE BIOPSY"""
872,5,"0872 = ""0872: LID RECONS-PART THIC NEC"""
8857,5,"8857 = ""8857: CORONARY ARTERIOGRAM NEC"""
767,5,#N/A
124,5,"0124 = ""0124: OTHER CRANIOTOMY"""
1152,5,"1152 = ""1152: REP CORNEA POSTOP DEHISC"""
915,5,#N/A
2162,5,"2162 = ""2162: TURBINATE FRACTURE"""
40,5,"0040 = ""0040: PROCEDURE-ONE VESSEL (Begin 2005)"""
2811,5,"2811 = ""2811: TONSIL  &  ADENOID BIOPSY"""
2211,5,"2211 = ""2211: (CLOSED) NASAL SINUS BX (Begin 1988)"""
884,5,"0884 = ""0884: LID MARG LAC RX-FUL THIC"""
7935,5,"7935 = ""7935: OPEN REDUC-INT FIX FEMUR"""
7936,5,"7936 = ""7936: OP RED-INT FIX TIB/FIBUL"""
39,4,"0039 = ""0039: OTHER CAS (Begin 2004)"""
1264,4,"1264 = ""1264: TRABECULECTOM AB EXTERNO"""
1232,4,"1232 = ""1232: ANT SYNECHIA LYSIS NEC"""
640,4,"640  = ""640 : CIRCUMCISION"""
339,4,"0339 = ""0339: OTHER SPINAL DX PROC"""
973,4,"0973 = ""0973: CANALICULUS REPAIR"""
859,4,"0859 = ""0859: ADJUST LID POSITION NEC"""
1621,4,"1621 = ""1621: OPHTHALMOSCOPY"""
392,4,"0392 = ""0392: SPINAL CANAL INJECT NEC"""
236,4,"236  = ""236 : PROSTHET DENTAL IMPLANT"""
7671,4,"7671 = ""7671: FACE FX"""
4466,4,"4466 = ""4466: CREAT ESOPHAGASTR SPHINC"""
153,4,"0153 = ""0153: BRAIN LOBECTOMY"""
8875,4,"8875 = ""8875: DX ULTRASOUND-URINARY"""
102,4,"0102 = ""0102: VENTRICL SHUNT TUBE PUNC"""
7789,4,"7789 = ""7789: PARTIAL OSTECTOMY NEC"""
5419,4,"5419 = ""5419: LAPAROTOMY NEC"""
1341,4,"1341 = ""1341: CATARAC PHACOEMULS/ASPIR"""
1343,4,"1343 = ""1343: CATARACT FRAG/ASPIR NEC"""
7857,4,"7857 = ""7857: INT FIXATION-TIBIA/FIBUL"""
2752,4,"2752 = ""2752: SUTURE OF MOUTH LAC NEC"""
820,4,"0820 = ""0820: REMOVE EYELID LESION NOS"""
1519,4,"1519 = ""1519: XTRAOC MUS OP/DETACH NEC"""
8843,4,"8843 = ""8843: CONTR PULMON ARTERIOGRAM"""
7665,4,"7665 = ""7665: SEG OSTEOPLASTY MAXILLA"""
2231,4,"2231 = ""2231: RADICAL MAXILLARY ANTROT"""
5091,4,"5091 = ""5091: PERCUTAN LIVER ASPIRAT"""
4576,4,"4576 = ""4576: SIGMOIDECTOMY"""
7969,4,"7969 = ""7969: OPEN FX SITE DEBRIDE NEC"""
8968,4,"8968 = ""8968: MON CAR OUTPUT (DIL TECH)- (Begin 1989)"""
389,4,#N/A
1649,4,"1649 = ""1649: EYEBALL ENUCLEATION NEC"""
8744,4,"8744 = ""8744: ROUTINE CHEST X-RAY"""
7697,4,"7697 = ""7697: FACE FX"""
7869,4,"7869 = ""7869: REMOVE IMPL DEVICE NEC"""
1031,4,"1031 = ""1031: EXCISE CONJUNCTIV LESION"""
8103,4,"8103 = ""8103: (DORSAL) SPINAL FUS (Begin 1989)"""
1452,4,"1452 = ""1452: DETACH RETINA-CRYOTHERAP"""
2104,4,"2104 = ""2104: ETHMOID ART LIGAT-EPIST"""
723,4,#N/A
671,4,#N/A
609,4,"0609 = ""0609: INCIS THYROID FIELD NEC"""
2251,4,"2251 = ""2251: ETHMOIDOTOMY"""
5122,4,"5122 = ""5122: (TOTAL) CHOLECYSTECTOMY(Begin 1991)"""
5425,4,"5425 = ""5425: PERITONEAL LAVAGE (Begin 1993)"""
889,4,"0889 = ""0889: EYELID REPAIR NEC"""
607,4,#N/A
7939,4,"7939 = ""7939: OPN FX RED W INT FIX NEC"""
1214,4,"1214 = ""1214: IRIDECTOMY NEC"""
9605,4,"9605 = ""9605: RESP TRACT INTUBAT NEC"""
942,4,"0942 = ""0942: LAC CANALICULI PROBE"""
1364,4,"1364 = ""1364: AFTER-CATAR DISCISSION"""
9511,4,"9511 = ""9511: FUNDUS PHOTOGRAPHY"""
3929,3,"3929 = ""3929: VASC SHUNT & BYPASS NEC"""
3726,3,"3726 = ""3726: CARDIAC ELECTROPHY STIM (Begin 1988)"""
4029,3,"4029 = ""4029: SIMP EXC LYMPH STRUC NEC"""
9749,3,"9749 = ""9749: REMOV THOR THER DEV NEC"""
1661,3,"1661 = ""1661: 2NDRY OCULAR IMP INSERT"""
115,3,"0115 = ""0115: SKULL BIOPSY"""
3778,3,"3778 = ""3778: INSER TEMP PACEMAKER SYS (Begin 1987)"""
4836,3,"4836 = ""4836: ENDOSCOP POLYPECT RECTUM (Begin 1995)"""
5411,3,"5411 = ""5411: EXPLORATORY LAPAROTOMY"""
8739,3,"8739 = ""8739: THORAX SFT TISS XRAY NEC"""
1233,3,"1233 = ""1233: POST SYNECHIAE LYSIS"""
2102,3,"2102 = ""2102: POST NASAL PAC FOR EPIST"""
9732,3,"9732 = ""9732: REMOVE NASAL PACKING"""
8667,3,"8667 = ""8667: DERMAL REGENERATIVE GRAFT (Begin 1998)"""
3898,3,"3898 = ""3898: ARTERIAL PUNCTURE NEC"""
3894,3,"3894 = ""3894: VENOUS CUTDOWN"""
809,3,"0809 = ""0809: OTHER EYELID INCISION"""
391,3,"0391 = ""0391: ANESTH INJECT-SPIN CANAL"""
399,3,"0399 = ""0399: SPINE CANAL STRUC OP NEC"""
7677,3,"7677 = ""7677: FACE FX"""
912,3,"0912 = ""0912: LACRIMAL SAC BIOPSY"""
4462,3,"4462 = ""4462: GASTROSTOMY CLOSURE"""
7749,3,"7749 = ""7749: BONE BIOPSY NEC"""
689,3,"0689 = ""0689: OTHER PARATHYROIDECTOMY"""
8016,3,"8016 = ""8016: OTH ARTHROTOMY-KNEE"""
8012,3,"8012 = ""8012: OTH ARTHROTOMY-ELBOW"""
1372,3,"1372 = ""1372: SECONDARY INSERT LENS"""
7699,3,"7699 = ""7699: FACE FX"""
3931,3,"3931 = ""3931: SUTURE OF ARTERY"""
4432,3,"4432 = ""4432: PERCUTANEOUS GASTROJEJUNOSTOMY (Begin 2001)"""
703,3,#N/A
390,3,"0390 = ""0390: INSERT SPINAL CANAL CATH (Begin 1987)"""
2309,3,"2309 = ""2309: TOOTH EXTRACTION NEC"""
5312,3,"5312 = ""5312: BILAT IND ING HERN REP"""
7916,3,"7916 = ""7916: CL RED-INT FIX TIB/FIBU"""
109,3,"0109 = ""0109: CRANIAL PUNCTURE NEC"""
4620,3,"4620 = ""4620: ILEOSTOMY NOS"""
2279,3,"2279 = ""2279: NASAL SINUS REPAIR NEC"""
211,3,"0211 = ""0211: SIMPLE SUTURE OF DURA"""
8722,3,"8722 = ""8722: CERVICAL SPINE X-RAY NEC"""
1221,3,"1221 = ""1221: DX ASPIRAT-ANT CHAMBER"""
1342,3,"1342 = ""1342: POST CATARAC FRAG/ASPIR"""
1879,3,"1879 = ""1879: PLASTIC REP EXT EAR NEC"""
4824,3,"4824 = ""4824: CLOSED RECTAL BX"""
184,3,"184  = ""184 : SUTURE EXT EAR LAC"""
8601,3,"8601 = ""8601: ASPIRATION SKIN & SUBQ"""
602,3,"0602 = ""0602: REOPEN THYROID FIELD WND"""
3882,3,"3882 = ""3882: OCCLUS HEAD/NECK VES NEC"""
864,3,"0864 = ""0864: LID RECON-TARSOCONJ FLAP"""
8302,3,"8302 = ""8302: MYOTOMY"""
8849,3,"8849 = ""8849: CONTRAST ARTERIOGRAM NEC"""
9955,3,"9955 = ""9955: VACCINATION NEC"""
8847,3,"8847 = ""8847: CONTR ABD ARTERIOGRM NEC"""
7666,3,"7666 = ""7666: TOT OSTEOPLASTY MAXILLA"""
7643,3,"7643 = ""7643: MANDIBULAR RECONST NEC"""
1049,3,"1049 = ""1049: CONJUNCTIVOPLASTY NEC"""
669,3,#N/A
2184,3,"2184 = ""2184: REVISION RHINOPLASTY"""
4579,3,"4579 = ""4579: PART LG BOWEL EXCIS NEC"""
319,3,#N/A
2769,3,"2769 = ""2769: OTH PLASTIC REPAIR PALAT"""
34,3,"0034 = ""0034: IMAGELESS COMP ASST SURG (Begin 2004)"""
911,3,"0911 = ""0911: LACRIMAL GLAND BIOPSY"""
3615,3,"3615 = ""3615: 1 INT MAM-COR ART BYPASS"""
14,3,"0014 = ""0014: INJECT/INFUS OF OXAZOLIDINONE ANTIBTCS (Begin 2002)"""
4442,3,"4442 = ""4442: SUTURE DUODEN ULCER SITE"""
2722,3,"2722 = ""2722: UVULA & SOFT PALATE BX"""
2109,3,"2109 = ""2109: EPISTAXIS CONTROL NEC"""
2631,3,"2631 = ""2631: PARTIAL SIALOADENECTOMY"""
9227,3,"9227 = ""9227: RADIOACTIVE ELEM IMPLANT"""
7771,3,"7771 = ""7771: EX CHEST CAGE BONE-GFT"""
9928,3,"9928 = ""9928: ANTINEOPLASTIC IMMUNOTHERAPY (Begin 1994)"""
8915,3,"8915 = ""8915: NEUROLOGIC FUNC TEST NEC"""
211,3,"0211 = ""0211: SIMPLE SUTURE OF DURA"""
219,3,#N/A
1672,3,"1672 = ""1672: REMOVE ORBITAL IMPLANT"""
123,3,"0123 = ""0123: REOPEN CRANIOTOMY SITE"""
264,3,#N/A
8349,3,"8349 = ""8349: OTHER SOFT TISSUE EXCIS"""
8709,3,"8709 = ""8709: HEAD SOFT TISS X-RAY NEC"""
2250,3,"2250 = ""2250: SINUSOTOMY NOS"""
9999,3,"9999 = ""9999: NON-OP PROCEDURE NEC"""
206,3,"0206 = ""0206: CRANIAL OSTEOPLASTY NEC"""
9608,3,"9608 = ""9608: INSERT INTESTINAL TUBE"""
424,3,#N/A
43,3,"0043 = ""0043: PROCEDURE-FOUR+ VESSELS (Begin 2005)"""
8411,3,"8411 = ""8411: TOE AMPUTATION"""
9974,3,"9974 = ""9974: THERAPEU PLATELTPHERESIS (Begin 1988)"""
9971,3,"9971 = ""9971: THERAPEU PLASMAPHERESIS (Begin 1988)"""
605,3,"605  = ""605 : RADICAL PROSTATECTOMY"""
7937,3,"7937 = ""7937: OP RED-INT FIX METAT/TAR"""
5123,3,"5123 = ""5123: LAPAROSCOPIC CHOLECYSTEC (Begin 1991)"""
9355,3,"9355 = ""9355: DENTAL WIRING"""
9218,3,"9218 = ""9218: TOTAL BODY SCAN"""
9219,3,"9219 = ""9219: SCAN OF OTHER SITES"""
1441,3,"1441 = ""1441: SCLERAL BUCKLE W IMPLANT"""
2009,3,"2009 = ""2009: MYRINGOTOMY NEC"""
7739,3,"7739 = ""7739: BONE DIVISION NEC"""
9512,3,"9512 = ""9512: EYE FLUORESCEIN ANGIOGRA"""
3927,2,"3927 = ""3927: DIALYSIS ARTERIOVENOSTOM"""
3928,2,"3928 = ""3928: EXTRACRAN-INTRACR BYPASS (Begin 1991)"""
4021,2,"4021 = ""4021: EXCIS DEEP CERVICAL NODE"""
3991,2,"3991 = ""3991: FREEING OF VESSEL"""
2911,2,"2911 = ""2911: PHARYNGOSCOPY"""
2919,2,"2919 = ""2919: PHARYNGEAL DX PROC NEC"""
5300,2,"5300 = ""5300: UNILAT ING HERN REP NOS"""
1529,2,"1529 = ""1529: OP ON 1 EXTRAOC MUSC NEC"""
427,2,"427  = ""427 : ESOPHAGOMYOTOMY"""
292,2,"0292 = ""0292: BRAIN REPAIR"""
3772,2,"3772 = ""3772: INT INSER LEAD ATRI-VENT (Begin 1987)"""
3777,2,"3777 = ""3777: REMOVAL OF LEAD W/O REPL (Begin 1987)"""
3141,2,"3141 = ""3141: TRACHEOSCOPY THRU STOMA"""
4651,2,"4651 = ""4651: SM BOWEL STOMA CLOSURE"""
5412,2,"5412 = ""5412: REOPEN RECENT LAP SITE"""
611,2,"0611 = ""0611: CLOSED THYROID GLAND BX"""
3963,2,"3963 = ""3963: CARDIOPLEGIA"""
1231,2,"1231 = ""1231: GONIOSYNECHIAE LYSIS"""
4195,2,"4195 = ""4195: REPAIR OF SPLEEN"""
1239,2,"1239 = ""1239: IRIDOPLASTY NEC"""
4191,2,"4191 = ""4191: DONOR MARROW ASPIRATION"""
2103,2,"2103 = ""2103: CAUTERY TO STOP EPISTAX"""
7903,2,"7903 = ""7903: CL FX REDUC-METACAR/CAR"""
7905,2,"7905 = ""7905: CL FX REDUC-FEMUR"""
7907,2,"7907 = ""7907: CL FX REDUC-METATAR/TAR"""
905,2,#N/A
2049,2,"2049 = ""2049: MASTOIDECTOMY NEC"""
646,2,#N/A
430,2,"430  = ""430 : GASTROTOMY"""
431,2,"431  = ""431 : TEMP GASTROSTOMY (Begin 1980"
741,2,"0741 = ""0741: ADRENAL INCISION"""
242,2,"0242 = ""0242: REPLACE VENTRICLE SHUNT"""
7742,2,"7742 = ""7742: HUMERUS BIOPSY"""
3802,2,"3802 = ""3802: HEAD/NECK VES INCIS NEC"""
873,2,"0873 = ""0873: LID MARG RECONS FUL THIC"""
9634,2,"9634 = ""9634: GASTRIC TUBE IRRIGAT NEC"""
8191,2,"8191 = ""8191: ARTHROCENTESIS"""
3892,2,"3892 = ""3892: UMBILICAL VEIN CATH"""
8716,2,"8716 = ""8716: FACIAL BONE X-RAY NEC"""
8904,2,"8904 = ""8904: INTERVIEW & EVALUAT NEC"""
3964,2,"3964 = ""3964: INTRAOP CARDIAC PACEMAK"""
3962,2,"3962 = ""3962: HYPOTHERMIA W OPEN HEART"""
390,2,"0390 = ""0390: INSERT SPINAL CANAL CATH (Begin 1987)"""
4611,2,"4611 = ""4611: TEMPORARY COLOSTOMY"""
7670,2,"7670 = ""7670: FACE FX"""
4469,2,"4469 = ""4469: GASTRIC REPAIR NEC"""
9322,2,"9322 = ""9322: AMBULAT & GAIT TRAINING"""
8245,2,"8245 = ""8245: SUTURE HAND TENDON NEC"""
2122,2,"2122 = ""2122: NASAL BIOPSY"""
8769,2,"8769 = ""8769: DIGESTIVE TRACT XRAY NEC"""
7967,2,"7967 = ""7967: DEBRID OPN FX-METAT/TAR"""
131,2,"0131 = ""0131: INCISE CEREBRAL MENINGES"""
3794,2,"3794 = ""3794: IMPLT/REPL CARDDEFIB TOT (Begin 1986)"""
933,2,#N/A
9906,2,"9906 = ""9906: COAG FACTOR TRANSFUSION"""
124,2,"0124 = ""0124: OTHER CRANIOTOMY"""
8903,2,"8903 = ""8903: COMPREHEN INTERVIEW/EVAL"""
702,2,"0702 = ""0702: BILAT ADRENAL EXPLORAT"""
394,2,"0394 = ""0394: REMOVE SPINAL STIMULATOR"""
4042,2,"4042 = ""4042: BILAT RAD NECK DISSECT"""
186,2,"186  = ""186 : EXT AUDIT CANAL RECONSTR"""
46,2,"0046 = ""0046: INSERT 2 VASCULAR STENTS (Begin 2005)"""
443,2,"0443 = ""0443: CARPAL TUNNEL RELEASE"""
9952,2,"9952 = ""9952: INFLUENZA VACCINATION"""
4522,2,"4522 = ""4522: ENDOSC LG BOWEL THRU ST"""
4621,2,"4621 = ""4621: TEMPORARY ILEOSTOMY"""
240,2,"240  = ""240 : GUM OR ALVEOLAR INCISION"""
4543,2,"4543 = ""4543: ENDOSC DESTRU LG INT LES (Begin 1989)"""
9541,2,"9541 = ""9541: AUDIOMETRY"""
1434,2,"1434 = ""1434: RETINAL TEAR LASER COAG"""
1432,2,"1432 = ""1432: RETINAL TEAR CRYOTHERAPY"""
1663,2,"1663 = ""1663: REVIS ENUC SOCKET W GRFT"""
224,2,#N/A
513,2,#N/A
516,2,#N/A
7912,2,"7912 = ""7912: CL RED-INT FIX RAD/ULNA"""
7859,2,"7859 = ""7859: INT FIX-NO FX REDUCT NEC"""
4530,2,"4530 = ""4530: ENDOSC DESTRU DUODEN LES (Begin 1989)"""
63,2,"0063 = ""0063: PERC INS CAROTID STENT (Begin 2004)"""
651,2,"0651 = ""0651: PART SUBSTERN THYROIDECT"""
62,2,"0062 = ""0062: PERC ANGIO INTRACRAN VES (Begin 2004)"""
47,2,"0047 = ""0047: INSERT 3 VASCULAR STENTS (Begin 2005)"""
659,2,#N/A
61,2,"0061 = ""0061: PERC ANGIO PRECEREB VESS (Begin 2004)"""
9338,2,"9338 = ""9338: COMBINED PT NOS"""
869,2,"0869 = ""0869: LID RECONSTR W GRAFT NEC"""
2755,2,"2755 = ""2755: FULL-THICK GRFT TO MOUTH"""
7768,2,"7768 = ""7768: LOC EXC LES METATAR/TAR"""
885,2,"0885 = ""0885: LID LAC RX-FUL THIC NEC"""
751,2,"0751 = ""0751: PINEAL FIELD EXPLORATION"""
3607,2,"3607 = ""3607: INSERT DRUG-ELUTING CRNRY ARTRY STNTS (Begin 2002)"""
801,2,"0801 = ""0801: INCISION OF LID MARGIN"""
8855,2,"8855 = ""8855: CORONAR ARTERIOGR-1 CATH"""
8628,2,"8628 = ""8628: NONEXCIS DEBRIDEMENT WND (Begin 1988)"""
1266,2,"1266 = ""1266: POSTOP REVIS SCL FISTUL"""
692,2,"0692 = ""0692: THYROID VESSEL LIGATION"""
7611,2,"7611 = ""7611: FACIAL BONE BIOPSY"""
3174,2,"3174 = ""3174: REVISION OF TRACHEOSTOMY"""
545,2,"545  = ""545 : PERITONEAL ADHESIOLYSIS (End 1996)"""
2761,2,"2761 = ""2761: SUTURE OF PALATE LACERAT"""
4292,2,"4292 = ""4292: ESOPHAGEAL DILATION"""
3403,2,"3403 = ""3403: REOPEN THORACOTOMY SITE"""
7964,2,"7964 = ""7964: DEBRID OPN FX-FINGER"""
1402,2,"1402 = ""1402: NONMAG REMOV POST SEG FB"""
129,2,#N/A
5593,2,"5593 = ""5593: REPLACE NEPHROSTOMY TUBE"""
3979,2,"3979 = ""3979: OTHER ENDOVASCULAR REPAIR OF ANEURYSM (Begin 2000)"""
4499,2,"4499 = ""4499: GASTRIC OPERATION NEC"""
3829,2,"3829 = ""3829: BLOOD VESSEL DX PROC NEC"""
9914,2,"9914 = ""9914: INJECT GAMMA GLOBULIN"""
3479,2,"3479 = ""3479: OTHER CHEST WALL REPAIR"""
9969,2,"9969 = ""9969: CARDIAC RHYTHM CONV NEC"""
639,2,"0639 = ""0639: PART THYROIDECTOMY NEC"""
169,2,#N/A
3727,2,"3727 = ""3727: CARDIAC MAPPING (Begin 1988)"""
965,2,#N/A
2892,2,"2892 = ""2892: EXCIS TONSIL/ADENOID LES"""
1513,2,"1513 = ""1513: 1 EXTRAOC MUSCL RESECT"""
4059,2,"4059 = ""4059: RAD NODE DISSECTION NEC"""
8401,2,"8401 = ""8401: FINGER AMPUTATION"""
9223,2,"9223 = ""9223: RADIOISOT TELERADIOTHER"""
9226,2,"9226 = ""9226: PARTICUL TELERADIOTH NEC"""
32,2,"0032 = ""0032: CAS W MR/MRA (Begin 2004)"""
9936,2,"9936 = ""9936: DIPHTHERIA TOXOID ADMIN"""
892,2,"0892 = ""0892: CRYOSURG LID EPILATION"""
8811,2,"8811 = ""8811: PELVIC DYE CONTRAST XRAY"""
45,2,"0045 = ""0045: INSERT 1 VASCULAR STENT (Begin 2005)"""
9764,2,"9764 = ""9764: REMOV URIN DRAINAGE NEC"""
1601,2,"1601 = ""1601: ORBITOTOMY W BONE FLAP"""
809,2,"0809 = ""0809: OTHER EYELID INCISION"""
9926,2,"9926 = ""9926: INJECT TRANQUILIZER"""
761,2,"0761 = ""0761: EXC PITUIT LES-TRANSFRON"""
3523,2,"3523 = ""3523: REPLACE MITR VALV-TISSUE"""
8749,2,"8749 = ""8749: CHEST X-RAY NEC"""
6029,2,"6029 = ""6029: OTHER TURP (Begin 1995)"""
280,2,"280  = ""280 : PERITONSILLAR I & D"""
125,2,"0125 = ""0125: OTHER CRANIECTOMY"""
261,2,#N/A
9900,2,"9900 = ""9900: PERIOP AUTOLOG BLD TRANS (Begin 1995)"""
7904,2,"7904 = ""7904: CL FX REDUC-FINGER"""
929,2,#N/A
2772,2,"2772 = ""2772: EXCISION OF UVULA"""
111,2,"0111 = ""0111: CLOS CEREB MENINGES BX"""
110,2,"0110 = ""0110: INTRACRAN PRESSURE MONTR (Begin 2007)"""
7974,2,"7974 = ""7974: CL REDUC DISLOC-HAND/FNG"""
7971,2,"7971 = ""7971: CL REDUC DISLOC-SHOULDER"""
874,2,"0874 = ""0874: LID RECONST-FUL THIC NEC"""
3951,2,"3951 = ""3951: CLIPPING OF ANEURYSM"""
304,2,"304  = ""304 : RADICAL LARYNGECTOMY"""
851,2,"0851 = ""0851: CANTHOTOMY"""
8894,2,"8894 = ""8894: MRI MUSCULOSKELETAL (Begin 1986)"""
407,2,"0407 = ""0407: PERIPH NERV EXCISION NEC"""
128,2,"0128 = ""0128: INTRACEREB CTH-BURR HOLE (Begin 2006)"""
9211,2,"9211 = ""9211: CEREBRAL SCAN"""
9977,2,"9977 = ""9977: APP/ADMINISTR ADHESION BARRIER SUBS (Begin 2002)"""
8826,2,"8826 = ""8826: SKEL XRAY-PELVIS/HIP NEC"""
3606,2,"3606 = ""3606: INSERT CORON ART STENT (Begin 1995)"""
8777,2,"8777 = ""8777: CYSTOGRAM NEC"""
3179,2,"3179 = ""3179: OTHER TRACHEAL REPAIR"""
2185,2,"2185 = ""2185: AUGMENTATION RHINOPLASTY"""
5421,2,"5421 = ""5421: LAPAROSCOPY"""
5349,2,"5349 = ""5349: UMBIL HERNIA REPAIR NEC"""
885,2,"0885 = ""0885: LID LAC RX-FUL THIC NEC"""
5472,2,"5472 = ""5472: ABDOMEN WALL REPAIR NEC"""
2132,2,"2132 = ""2132: NASAL LES DESTRUCT NEC"""
9354,2,"9354 = ""9354: APPLICATION OF SPLINT"""
8395,2,"8395 = ""8395: SOFT TISSUE ASPIRAT NEC"""
474,2,"0474 = ""0474: PERIPH NERV ANASTOM NEC"""
943,2,"0943 = ""0943: NASOLACRIMAL DUCT PROBE"""
3783,2,"3783 = ""3783: INT INSERT DUAL-CHAM DEV (Begin 1987)"""
3789,2,"3789 = ""3789: REVISE OR REMOVE PACEMAK (Begin 1987)"""
1366,2,"1366 = ""1366: AFTER CATAR FRAGMNTATION"""
473,2,"0473 = ""0473: ACCESS-HYPOGLOSS ANASTOM"""
7849,2,"7849 = ""7849: OTH BONE REPA/PLAST NEC"""
116,1,"0116 = ""0116: INTRACRANIAL 02 MONITOR (Begin 2007)"""
834,1,"0834 = ""0834: PTOSIS REP-LEVAT MUS NEC"""
8303,1,"8303 = ""8303: BURSOTOMY"""
3592,1,"3592 = ""3592: CONDUIT RT VENT-PUL ART"""
8309,1,"8309 = ""8309: SOFT TISSUE INCISION NEC"""
8865,1,"8865 = ""8865: ABD CONTR PHLEBOGRAM NEC"""
3553,1,"3553 = ""3553: PROST REPAIR VENTRIC DEF"""
1254,1,"1254 = ""1254: TRABECULOTOMY AB EXTERNO"""
8099,1,"8099 = ""8099: EXCISION OF JOINT NEC"""
1159,1,"1159 = ""1159: CORNEAL REPAIR NEC"""
346,1,"346  = ""346 : SCARIFICATION OF PLEURA"""
1255,1,"1255 = ""1255: CYCLODIALYSIS"""
8908,1,"8908 = ""8908: CONSULTATION NEC"""
3996,1,"3996 = ""3996: TOTAL BODY PERFUSION"""
8901,1,"8901 = ""8901: BRIEF INTERVIEW & EVALUA"""
815,1,#N/A
1149,1,"1149 = ""1149: DESTRUCT CORNEA LES NEC"""
718,1,"718  = ""718 : OT VULVAR OPERATIONS"""
3332,1,"3332 = ""3332: PNEMOTHORAX-LUNG COLLAPS"""
5187,1,"5187 = ""5187: ENDOSC INSER STENT BILE (Begin 1989)"""
999,1,"0999 = ""0999: LACRIMAL SYSTEM OP NEC"""
5302,1,"5302 = ""5302: REPAIR INDIR ING HERNIA"""
963,1,#N/A
339,1,"0339 = ""0339: OTHER SPINAL DX PROC"""
1669,1,"1669 = ""1669: 2ND OP POST EYE REM NEC"""
7534,1,"7534 = ""7534: FETAL MONITORING NOS"""
1666,1,"1666 = ""1666: REVIS EXENTER CAVITY NEC"""
4023,1,"4023 = ""4023: EXCISE AXILLARY NODE"""
3771,1,"3771 = ""3771: INT INSERT LEAD IN VENT (Begin 1987)"""
8609,1,"8609 = ""8609: SKIN & SUBQ INCISION NEC"""
114,1,"0114 = ""0114: OPEN BRAIN BIOPSY"""
191,1,#N/A
279,1,#N/A
8660,1,"8660 = ""8660: FREE SKIN GRAFT NOS"""
525,1,"0525 = ""0525: PERIART SYMPATHECT (Begin 1995)"""
1235,1,"1235 = ""1235: COREOPLASTY"""
449,1,"0449 = ""0449: PER NERVE ADHESIOLYS NEC"""
441,1,"0441 = ""0441: DECOMPRESS TRIGEM ROOT"""
7867,1,"7867 = ""7867: REMOV IMP DEV-TIB/FIBULA"""
7865,1,"7865 = ""7865: REMOVE IMP DEVICE-FEMUR"""
7863,1,"7863 = ""7863: REMOV IMP DEV-RADIUS/ULN"""
7901,1,"7901 = ""7901: CLOSED FX REDUCT HUMERUS"""
379,1,"0379 = ""0379: OTH SPINAL THECAL SHUNT"""
2042,1,"2042 = ""2042: RADICAL MASTOIDECTOMY"""
844,1,"0844 = ""0844: LID RECONS ENTROPION REP"""
2105,1,"2105 = ""2105: MAX ART LIG FOR EPISTAX"""
2161,1,"2161 = ""2161: DIATHER/CRYO TURBINECTOM"""
433,1,"433  = ""433 : PYLOROMYOTOMY"""
9738,1,"9738 = ""9738: REMOVE HEAD/NECK SUTURES"""
7909,1,"7909 = ""7909: CLOSED FX REDUCTION NEC"""
4101,1,"4101 = ""4101: AUT BONE MARROW TRNSPLNT (Begin 1988)"""
9639,1,"9639 = ""9639: OTHER TRANSANAL ENEMA"""
4103,1,"4103 = ""4103: ALLOGRFT BONE MARROW NOS (Begin 1988)"""
4105,1,"4105 = ""4105: ALLOGEN HEMATO STEM CELL TRANS (Begin 1997)"""
59,1,"0059 = ""0059: INTRAVASC MSMNT COR ART (Begin 2008)"""
871,1,"0871 = ""0871: LID MARG RECON-PART THIC"""
9635,1,"9635 = ""9635: GASTRIC GAVAGE"""
8344,1,"8344 = ""8344: OTHER FASCIECTOMY"""
855,1,#N/A
856,1,"856  = ""856 : MASTOPEXY"""
8944,1,"8944 = ""8944: CARDIAC STRESS TEST NEC"""
852,1,"0852 = ""0852: BLEPHARORRHAPHY"""
853,1,#N/A
1390,1,"1390 = ""1390: OPERATION ON LENS NEC (Begin 2006)"""
248,1,"248  = ""248 : OTHER ORTHODONTIC OPERAT"""
3899,1,"3899 = ""3899: VENOUS PUNCTURE NEC"""
41,1,"0041 = ""0041: PROCEDURE-TWO VESSELS (Begin 2005)"""
341,1,"341  = ""341 : INCISION OF MEDIASTINUM"""
481,1,"0481 = ""0481: ANESTH INJEC PERIPH NERV"""
8717,1,"8717 = ""8717: SKULL X-RAY NEC"""
9741,1,"9741 = ""9741: REMOV THORACOTOMY TUBE"""
3864,1,"3864 = ""3864: EXCISION OF AORTA"""
1153,1,"1153 = ""1153: RX CORNEA LAC W CONJ FLP"""
8907,1,"8907 = ""8907: COMPREHENSIVE CONSULTAT"""
842,1,"0842 = ""0842: SUTURE ENTROPION REPAIR"""
1623,1,"1623 = ""1623: EYEBALL & ORBIT BIOPSY"""
5185,1,"5185 = ""5185: ENDOSC SPHINCTEROTOMY (Begin 1989)"""
5222,1,"5222 = ""5222: OTHER DESTRU PANCREA LES (Begin 1989)"""
371,1,"0371 = ""0371: SUBARACH-PERITON SHUNT"""
7805,1,"7805 = ""7805: BONE GRAFT TO FEMUR"""
841,1,"0841 = ""0841: THERMOCAUT/ENTROPION REP"""
3965,1,"3965 = ""3965: EXTRACORPOREAL MEMB OXY (Begin 1988)"""
3886,1,"3886 = ""3886: OCCLUDE ABD ARTERY NEC"""
8939,1,"8939 = ""8939: NONOPERATIVE EXAMS NEC"""
5059,1,"5059 = ""5059: LIVER TRANSPLANT NEC"""
554,1,"554  = ""554 : PARTIAL NEPHRECTOMY"""
7678,1,"7678 = ""7678: FACE FX"""
5459,1,"5459 = ""5459: OTH LYSIS ABD ADHES (Begin 1996)"""
1365,1,"1365 = ""1365: AFTER-CATARACT EXCISION"""
5351,1,"5351 = ""5351: INCISIONAL HERNIA REPAIR"""
230,1,#N/A
1192,1,"1192 = ""1192: REMOVE CORNEAL IMPLANT"""
5359,1,"5359 = ""5359: ABD WALL HERN REPAIR NEC"""
1693,1,"1693 = ""1693: EXCISION EYE LESION NOS"""
711,1,"0711 = ""0711: CLOSED ADRENAL GLAND BX"""
4524,1,"4524 = ""4524: OTH ENDOSCOPY LG BOWEL (Begin 1988)"""
1173,1,"1173 = ""1173: KERATOPROSTHESIS"""
143,1,#N/A
1273,1,"1273 = ""1273: CYCLOPHOTOCOAGULATION"""
8873,1,"8873 = ""8873: DX ULTRASOUND-THORAX NEC"""
168,1,#N/A
157,1,"157  = ""157 : EXTRAOC MUSC INJ REPAIR"""
1287,1,"1287 = ""1287: GRAFT REINFORCE SCLERA"""
1281,1,"1281 = ""1281: SUTURE SCLERAL LACER"""
359,1,"0359 = ""0359: SPINAL STRUCT REPAIR NEC"""
4439,1,"4439 = ""4439: GASTROENTEROSTOMY NEC"""
944,1,"0944 = ""0944: NASOLAC DUCT INTUBAT"""
945,1,#N/A
122,1,"0122 = ""0122: REMOV INTRACRAN STIMULAT"""
8764,1,"8764 = ""8764: LOWER GI SERIES"""
9821,1,"9821 = ""9821: REMOVAL SUPERFIC FB EYE"""
92,1,"0092 = ""0092: TRNSPLNT LIVE NONREL DON (Begin 2004)"""
98,1,#N/A
9203,1,"9203 = ""9203: RENAL SCAN/ISOTOPE FUNCT"""
622,1,"622  = ""622 : TESTICULAR LES DESTRUCT"""
7965,1,"7965 = ""7965: DEBRID OPN FX-FEMUR"""
9209,1,"9209 = ""9209: OTHER ISOTOPE FUNCTION"""
96,1,"096  = ""096 : LACRIM SAC/PASSAGE EXCIS"""
133,1,"133  = ""133 : SIMPL ASPIR LENS EXTRACT"""
8013,1,"8013 = ""8013: OTH ARTHROTOMY-WRIST"""
8011,1,"8011 = ""8011: OTH ARTHROTOMY-SHOULDER"""
4389,1,"4389 = ""4389: PARTIAL GASTRECTOMY NEC"""
3799,1,"3799 = ""3799: OTHER HEART/PERICARD OPS"""
3791,1,"3791 = ""3791: OPN CHEST CARDIAC MASSAG"""
9241,1,"9241 = ""9241: INTRA-OP ELECTRON RAD RX (Begin 2007)"""
451,1,#N/A
932,1,#N/A
409,1,"409  = ""409 : LYMPH STRUCTURE OP NEC"""
4583,1,"4583 = ""4583: TOT ABD COLECTMY NEC/NOS (Begin 2008)"""
4610,1,"4610 = ""4610: COLOSTOMY NOS"""
3832,1,"3832 = ""3832: HEAD/NECK VES RESEC-ANAS"""
1241,1,"1241 = ""1241: NONEXC DESTRUC IRIS LES"""
843,1,"0843 = ""0843: WEDG RESEC ENTROPION REP"""
4613,1,"4613 = ""4613: PERMANENT COLOSTOMY NEC (Begin 1992)"""
8879,1,"8879 = ""8879: DX ULTRASOUND NEC"""
4133,1,"4133 = ""4133: OPEN SPLEEN BIOPSY"""
921,1,"0921 = ""0921: EXCIS LES LACRIMAL GLAND"""
1439,1,"1439 = ""1439: RETINAL TEAR REPAIR NEC"""
370,1,"370  = ""370 : PERICARDIOCENTESIS"""
877,1,#N/A
8162,1,"8162 = ""8162: FUSION OR REFUSION OF 2-3 VERTEBRAE (Begin 2003)"""
1279,1,"1279 = ""1279: GLAUCOMA PROCEDURE NEC"""
501,1,#N/A
4400,1,"4400 = ""4400: VAGOTOMY NOS"""
5499,1,"5499 = ""5499: ABDOMEN REGION OPS NEC"""
5494,1,"5494 = ""5494: CREAT PERITONEOVAS SHUNT"""
399,1,"0399 = ""0399: SPINE CANAL STRUC OP NEC"""
895,1,#N/A
9385,1,"9385 = ""9385: VOCATIONAL REHABILITAT"""
8151,1,"8151 = ""8151: TOT HIP REPLACE (W/MET)(Begin 1989)"""
5310,1,"5310 = ""5310: BILAT ING HERNIA REP NOS"""
586,1,"586  = ""586 : URETHRAL DILATION"""
225,1,#N/A
3492,1,"3492 = ""3492: INJECT INTO THORAX CAVIT"""
7788,1,"7788 = ""7788: PART OSTECT-METATAR/TAR"""
7786,1,"7786 = ""7786: PARTIAL PATELLECTOMY"""
806,1,"806  = ""806 : EXCIS KNEE SEMILUN CARTL"""
7782,1,"7782 = ""7782: PARTIAL HUMERECTOMY NEC"""
7781,1,"7781 = ""7781: OTH CHEST CAGE OSTECTOMY"""
44,1,"0044 = ""0044: PROC-VESSEL BIFURCATION (Begin 2006)"""
1662,1,"1662 = ""1662: REVIS/REINSERT OCUL IMP"""
290,1,"290  = ""290 : PHARYNGOTOMY"""
4461,1,"4461 = ""4461: SUTURE GASTRIC LACERAT"""
689,1,"0689 = ""0689: OTHER PARATHYROIDECTOMY"""
125,1,"0125 = ""0125: OTHER CRANIECTOMY"""
459,1,#N/A
620,1,"620  = ""620 : INCISION OF TESTES"""
7813,1,"7813 = ""7813: PERIOST SUT-RADIUS/ULNA (Begin 1991)"""
454,1,#N/A
7850,1,"7850 = ""7850: INT FIX W/O FX REDUC NOS"""
7851,1,"7851 = ""7851: INT FIXATION-CHEST CAGE"""
7854,1,"7854 = ""7854: INT FIXATION-METACAR/CAR"""
7858,1,"7858 = ""7858: INT FIXATION-METATAR/TAR"""
7917,1,"7917 = ""7917: CL RED-INT FIX METAT/TAR"""
172,1,#N/A
171,1,#N/A
974,1,#N/A
9357,1,"9357 = ""9357: DRESSING OF WOUND NEC"""
64,1,"0064 = ""0064: PERC INS PRECEREB STENT (Begin 2004)"""
4533,1,"4533 = ""4533: LOCAL EXCIS SM BOWEL NEC"""
656,1,#N/A
7982,1,"7982 = ""7982: OPEN REDUC-ELBOW DISLOC"""
181,1,#N/A
9408,1,"9408 = ""9408: PSYCHOL EVAL & TEST NEC"""
199,1,"199  = ""199 : MIDDLE EAR REPAIR NEC"""
51,1,"0051 = ""0051: IMPLA RESYNCHRONIZATION DEFIBRILLATOR (Begin 2002)"""
invl,1,#N/A
8379,1,"8379 = ""8379: OTHER MUSCLE TRANSPOSIT"""
193,1,"193  = ""193 : OSSICULAR CHAIN OP NEC"""
7359,1,"7359 = ""7359: MANUAL ASSIST DELIV NEC"""
5103,1,"5103 = ""5103: CHOLECYSTOSTOMY NEC"""
5101,1,"5101 = ""5101: PERCUTAN ASPIRATION GB"""
9230,1,"9230 = ""9230: STEREOTACTIC RADIOSURG NOS (Begin 1998)"""
868,1,#N/A
189,1,"189  = ""189 : OTHER EXT EAR OPERATIONS"""
3881,1,"3881 = ""3881: OCCLUS INTRACRAN VES NEC"""
5719,1,"5719 = ""5719: CYSTOTOMY NEC"""
861,1,"0861 = ""0861: LID RECONST W SKIN GRAFT"""
862,1,"0862 = ""0862: LID RECONST W MUC GRAFT"""
866,1,#N/A
7761,1,"7761 = ""7761: EXC CHEST CAGE BONE LES"""
2959,1,"2959 = ""2959: PHARYNGEAL REPAIR NEC"""
938,1,#N/A
9308,1,"9308 = ""9308: ELECTROMYOGRAPHY"""
881,1,"0881 = ""0881: LINEAR REP LID LACER"""
884,1,"0884 = ""0884: LID MARG LAC RX-FUL THIC"""
889,1,"0889 = ""0889: EYELID REPAIR NEC"""
4464,1,"4464 = ""4464: GASTROPEXY"""
62,1,"0062 = ""0062: PERC ANGIO INTRACRAN VES (Begin 2004)"""
833,1,"0833 = ""0833: PTOSIS REP-LEVAT MUS ADV"""
9759,1,"9759 = ""9759: REMOV OTHER GI DEVICE"""
21,1,"0021 = ""0021: IVUS EXTRACRAN CEREB VES (Begin 2004)"""
31,1,"0031 = ""0031: CAS W CT/CTA (Begin 2004)"""
404,1,"0404 = ""0404: PERIPH NERVE INCIS NEC"""
2742,1,"2742 = ""2742: WIDE EXCISION OF LIP LES"""
9052,1,"9052 = ""9052: CULTURE-BLOOD"""
322,1,#N/A
3974,1,"3974 = ""3974: ENDO REM OBS HD/NECK VES (Begin 2006)"""
324,1,"324  = ""324 : LOBECTOMY OF LUNG (End 2007)"""
8845,1,"8845 = ""8845: CONTRAST RENAL ARTERIOGR"""
774,1,#N/A
202,1,"0202 = ""0202: ELEVATE SKULL FX FRAGMNT"""
204,1,"0204 = ""0204: BONE GRAFT TO SKULL"""
321,1,"0321 = ""0321: PERCUTANEOUS CHORDOTOMY"""
8389,1,"8389 = ""8389: OTHER PLASTIC OPS FASCIA"""
778,1,#N/A
7669,1,"7669 = ""7669: FACIAL BONE REPAIR NEC"""
9920,1,"9920 = ""9920: INJ INFUS PLATELET INHIBITOR (Begin 1998)"""
1501,1,"1501 = ""1501: EXTRAOC MUSC-TEND BIOPSY"""
9822,1,"9822 = ""9822: REMOVAL HEAD/NECK FB"""
5361,1,"5361 = ""5361: INCIS HERNIA REPAIR-GRFT"""
3029,1,"3029 = ""3029: OTHER PART LARYNGECTOMY"""
2182,1,"2182 = ""2182: NASAL FISTULA CLOSURE"""
7641,1,"7641 = ""7641: TOT MANDIBULEC W RECONST"""
1681,1,"1681 = ""1681: REPAIR OF ORBITAL WOUND"""
3522,1,"3522 = ""3522: REPLACE AORTIC VALVE NEC"""
5493,1,"5493 = ""5493: CREATE CUTANPERITON FIST"""
529,1,"0529 = ""0529: OTHER SYMPATHECTOMY"""
2186,1,"2186 = ""2186: LIMITED RHINOPLASTY"""
1269,1,"1269 = ""1269: SCLER FISTULIZING OP NEC"""
1141,1,"1141 = ""1141: MECH REMOV CORNEA EPITH"""
3712,1,"3712 = ""3712: PERICARDIOTOMY"""
663,1,#N/A
4571,1,"4571 = ""4571: MULT SEG LG BOWEL EXCIS"""
8753,1,"8753 = ""8753: INTRAOPER CHOLANGIOGRAM"""
1302,1,"1302 = ""1302: NONMAGNET REMOVE FB LENS"""
207,1,"0207 = ""0207: SKULL PLATE REMOVAL"""
4901,1,"4901 = ""4901: INCIS PERIANAL ABSCESS"""
4675,1,"4675 = ""4675: SUTURE LG BOWEL LACERAT"""
4673,1,"4673 = ""4673: SMALL BOWEL SUTURE NEC"""
105,1,"105  = ""105 : CONJUNC/LID ADHESIOLYSIS"""
543,1,"543  = ""543 : DESTRUCT ABD WALL LESION"""
540,1,"540  = ""540 : ABDOMINAL WALL INCISION"""
544,1,"544  = ""544 : DESTRUCT PERITONEAL TISS"""
549,1,#N/A
995,1,#N/A
675,1,"675  = ""675 : INT CERVICAL OS REPAIR (End 2001)"""
4881,1,"4881 = ""4881: PERIRECTAL INCISION"""
523,1,"0523 = ""0523: LUMBAR SYMPATHECTOMY"""
7961,1,"7961 = ""7961: DEBRID OPEN FX-HUMERUS"""
9984,1,"9984 = ""9984: ISOLATION"""
2799,1,"2799 = ""2799: ORAL CAVITY OPS NEC"""
3883,1,"3883 = ""3883: OCCLUDE ARM VESSEL NEC"""
6561,1,"6561 = ""6561: REMOVE BOTH TUBES & OVAR"""
2792,1,"2792 = ""2792: MOUTH INCISION NOS"""
922,1,"0922 = ""0922: PART DACRYOADENECT NEC"""
9938,1,"9938 = ""9938: TETANUS TOXOID ADMINIST"""
313,1,"313  = ""313 : INCIS LARYNX TRACHEA NEC"""
3941,1,"3941 = ""3941: POSTOP VASC OP HEM CONTR"""
3943,1,"3943 = ""3943: REMOV REN DIALYSIS SHUNT"""
9652,1,"9652 = ""9652: IRRIGATION OF EAR"""
9657,1,"9657 = ""9657: VASCULAR CATH IRRIGATION"""
9654,1,"9654 = ""9654: DENTAL SCALING & DEBRIDE"""
5749,1,"5749 = ""5749: TU DESTRUC BLADD LES NEC"""
33,1,"0033 = ""0033: CAS W FLUOROSCOPY (Begin 2004)"""
491,1,"0491 = ""0491: NEURECTASIS"""
15,1,"0015 = ""0015: HIGH-DOSE INFUSION INTERLEUKIN-2 (IL-2) (Begin 2003)"""
8543,1,"8543 = ""8543: UNILAT EXTEN SIMP MASTEC"""
8963,1,"8963 = ""8963: PULMON ART PRESS MONITOR"""
365,1,#N/A
8966,1,"8966 = ""8966: MIX VENOUS BLD GAS MEAS"""
4342,1,"4342 = ""4342: LOCAL GASTR EXCISION NEC"""
2931,1,"2931 = ""2931: CRICOPHARYNGEAL MYOTOMY (Begin 1991)"""
8871,1,"8871 = ""8871: DX ULTRASOUND-HEAD/NECK"""
382,1,#N/A
836,1,"0836 = ""0836: BLEPHAROPTOS REPAIR NEC"""
2764,1,"2764 = ""2764: INSERT PALATAL IMPLANT (Begin 2004)"""
9396,1,"9396 = ""9396: OXYGEN ENRICHMENT NEC"""
4341,1,"4341 = ""4341: GASTRIC POLYPECTOMY (Begin 1989)"""
353,1,"0353 = ""0353: VERTEBRAL FX REPAIR"""
1641,1,"1641 = ""1641: EYE ENUC/IMPLAN/MUSC ATT"""
9399,1,"9399 = ""9399: OTHER RESP PROCEDURES"""
9961,1,"9961 = ""9961: ATRIAL CARDIOVERSION"""
673,1,#N/A
983,1,"0983 = ""0983: CONJUNCTIVORHINOS W TUBE"""
3613,1,"3613 = ""3613: AORTOCOR BYPAS-3 COR ART"""
3616,1,"3616 = ""3616: 2 INT MAM-COR ART BYPASS"""
8937,1,"8937 = ""8937: VITAL CAPACITY DETERMIN"""
8742,1,"8742 = ""8742: THORACIC TOMOGRAPHY NEC"""
253,1,"253  = ""253 : COMPLETE GLOSSECTOMY"""
3009,1,"3009 = ""3009: DESTRUCT LARYNX LES NEC"""
100,1,"100  = ""100 : INCISE/REMOV CONJUNCT FB"""
254,1,"254  = ""254 : RADICAL GLOSSECTOMY"""
7796,1,"7796 = ""7796: TOTAL PATELLECTOMY"""
156,1,"156  = ""156 : REVIS EXTRAOC MUSC SURG"""
201,1,"0201 = ""0201: LINEAR CRANIECTOMY"""
772,1,"0772 = ""0772: PITUITARY GLAND INCISION"""
159,1,"0159 = ""0159: OTHER BRAIN EXCISION"""
738,1,"738  = ""738 : FETAL OPS-FACILITATE DEL"""
1212,1,"1212 = ""1212: IRIDOTOMY NEC"""
1213,1,"1213 = ""1213: PROLAPSED IRIS EXCISION"""
1359,1,"1359 = ""1359: EXTRACAP LENS EXTRAC NEC"""
1211,1,"1211 = ""1211: IRIDOTOMY W TRANSFIXION"""
602,1,"0602 = ""0602: REOPEN THYROID FIELD WND"""
8108,1,"8108 = ""8108: REFUSION OF SPINE (Begin 1989)"""
462,1,#N/A
5555,1,#N/A
5551,1,"5551 = ""5551: NEPHROURETERECTOMY"""
3725,1,"3725 = ""3725: CARDIAC BIOPSY"""
964,1,#N/A
967,1,#N/A
960,1,#N/A
961,1,#N/A
4681,1,"4681 = ""4681: INTRA-ABD SM BOWEL MANIP"""
783,1,"0783 = ""0783: THORAC PART EXISN THYMUS (Begin 2007)"""
969,1,#N/A
51,1,"0051 = ""0051: IMPLA RESYNCHRONIZATION DEFIBRILLATOR (Begin 2002)"""
8665,1,"8665 = ""8665: HETEROGRAFT TO SKIN"""
9439,1,"9439 = ""9439: INDIVID PSYCHOTHERAP NEC"""
4287,1,"4287 = ""4287: ESOPHAGEAL GRAFT NEC"""
3869,1,"3869 = ""3869: LEG VEIN EXCISION"""
2732,1,"2732 = ""2732: WIDE EXC BONY PALATE LES"""
126,1,"0126 = ""0126: INS CATH-CRANIAL CAVITY (Begin 2005)"""
3863,1,"3863 = ""3863: ARM VESSEL EXCISION"""
3862,1,"3862 = ""3862: HEAD/NECK VESSEL EXCIS"""
2630,1,"2630 = ""2630: SIALOADENECTOMY NOS"""
9228,1,"9228 = ""9228: ISOTOPE INJECT/INSTILL"""
9225,1,"9225 = ""9225: ELECTRON TELERADIOTHERAP"""
953,1,"0953 = ""0953: LACRIMAL SAC INCISION"""
8511,1,"8511 = ""8511: CLOSED BREAST BX"""
679,1,#N/A
641,1,#N/A
3734,1,"3734 = ""3734: CATH ABLATION LES HEART (Begin 1988)"""
121,1,"0121 = ""0121: CRANIAL SINUS I & D"""
1240,1,"1240 = ""1240: REMOV ANT SEGMNT LES NOS"""
9815,1,"9815 = ""9815: REMOV INTRALUM TRACH FB"""
7809,1,"7809 = ""7809: BONE GRAFT NEC"""
4591,1,"4591 = ""4591: SM-TO-SM BOWEL ANASTOM"""
2032,1,"2032 = ""2032: MID & INNER EAR BIOPSY"""
7847,1,"7847 = ""7847: OTH TIB/FIB REPAIR/PLAST"""
897,1,"897  = ""897 : GENERAL PHYSICAL EXAM"""
3838,1,"3838 = ""3838: LEG ARTERY RESECT/ANAST"""
8314,1,"8314 = ""8314: FASCIOTOMY"""
1,1,"0001 = ""0001: THERAP ULTRASOUND OF HEAD AND NECK (Begin 2002)"""
8147,1,"8147 = ""8147: OTHER REPAIR OF KNEE"""
769,1,"0769 = ""0769: TOTAL EXC PITUITARY NOS"""
8146,1,"8146 = ""8146: COLLATERL LIG REPAIR NEC"""
8319,1,"8319 = ""8319: SOFT TISSUE DIVISION NEC"""
8332,1,"8332 = ""8332: EXCIS LESION OF MUSCLE"""
8342,1,"8342 = ""8342: OTHER TENONECTOMY"""
8081,1,"8081 = ""8081: DESTRUC-SHOULDER LES NEC"""
3220,1,"3220 = ""3220: THORAC EXC LUNG LESION (Begin 2007)"""
825,1,"0825 = ""0825: DESTRUCTION LID LESION"""
260,1,"260  = ""260 : INCIS SALIVARY GLND/DUCT"""
353,1,"0353 = ""0353: VERTEBRAL FX REPAIR"""
8819,1,"8819 = ""8819: ABDOMINAL X-RAY NEC"""
9927,1,"9927 = ""9927: IONTOPHORESIS"""
239,1,"0239 = ""0239: OTHER VENTRICULAR SHUNT"""
212,1,"0212 = ""0212: BRAIN MENINGE REPAIR NEC"""
231,1,"0231 = ""0231: VENTRICL SHUNT-HEAD/NECK"""
3320,1,"3320 = ""3320: THORACOSCOPC LUNG BIOPSY (Begin 2007)"""
811,1,"0811 = ""0811: EYELID BIOPSY"""
3328,1,"3328 = ""3328: OPEN LUNG BIOPSY (Begin 1987)"""
4222,1,"4222 = ""4222: ESOPHAGOSCOPY THRU STOMA"""
4515,1,"4515 = ""4515: OPEN SMALL BOWEL BIOPSY"""
639,1,"0639 = ""0639: PART THYROIDECTOMY NEC"""
7843,1,"7843 = ""7843: OTH RAD/ULN REPAIR/PLAST"""
4289,1,"4289 = ""4289: ESOPHAGEAL REPAIR NEC"""
286,1,"286  = ""286 : ADENOIDECTOMY"""
3761,1,"3761 = ""3761: PULSATION BALLOON IMPLAN"""
7807,1,"7807 = ""7807: BONE GRAFT-TIBIA/FIBULA"""
674,1,"674  = ""674 : AMPUTATION OF CERVIX"""
41,1,"0041 = ""0041: PROCEDURE-TWO VESSELS (Begin 2005)"""
9638,1,"9638 = ""9638: IMPACTED FECES REMOVAL"""
682,1,#N/A
7609,1,"7609 = ""7609: FACIAL BONE INCISION NEC"""
7601,1,"7601 = ""7601: FACIAL BONE SEQUESTRECT"""
8723,1,"8723 = ""8723: THORACIC SPINE X-RAY NEC"""
5012,1,"5012 = ""5012: OPEN LIVER BIOPSY"""
5792,1,"5792 = ""5792: BLADDER NECK DILATION"""
4851,1,"4851 = ""4851: LAP ABDPERNEAL RESC REC (Begin 2008)"""
5503,1,"5503 = ""5503: PERCU NEPHROSTM W/O FRAG (Begin 1986)"""
8684,1,"8684 = ""8684: RELAXATION OF SCAR"""
9323,1,"9323 = ""9323: ORTHOTIC DEVICE FITTING"""
7975,1,"7975 = ""7975: CL REDUC DISLOC-HIP"""
7977,1,"7977 = ""7977: CL REDUC DISLOC-ANKLE"""
7879,1,"7879 = ""7879: OSTEOCLASIS NEC"""
9997,1,"9997 = ""9997: DENTURE FITTING"""
7972,1,"7972 = ""7972: CL REDUC DISLOC-ELBOW"""
537,1,"537  = ""537 : ABD REPAIR-DIAPHR HERNIA (End 2008)"""
9789,1,"9789 = ""9789: REMOV THERAPEUT DEV NEC"""
2079,1,"2079 = ""2079: INC/EXC/DESTR IN EAR NEC"""
919,1,"0919 = ""0919: LACRIMAL SYS DX PROC NEC"""
914,1,#N/A
9503,1,"9503 = ""9503: EXTENDED OPHTHAL WORK-UP"""
1259,1,"1259 = ""1259: FACILIT INTRAOC CIRC NEC"""
3958,1,"3958 = ""3958: REPAIR VESS W PATCH NOS"""
3953,1,"3953 = ""3953: ARTERIOVEN FISTULA REP"""
3956,1,"3956 = ""3956: REPAIR VESS W TIS PATCH"""
8950,1,"8950 = ""8950: AMBU CARDIAC MONITORING (Begin 1991)"""
3451,1,"3451 = ""3451: DECORTICATION OF LUNG"""
45,1,"0045 = ""0045: INSERT 1 VASCULAR STENT (Begin 2005)"""
5451,1,"5451 = ""5451: LAPSC LYSIS ABD ADHES (Begin 1996)"""
8952,1,"8952 = ""8952: ELECTROCARDIOGRAM"""
8899,1,"8899 = ""8899: MRI OTH UNSPEC (Begin 1986"
8895,1,"8895 = ""8895: MRI PELVIS;PROSTATE;BLAD (Begin 1986)"""
8892,1,"8892 = ""8892: MRI CHEST & HEART (Begin 1986)"""
8959,1,"8959 = ""8959: NONOP CARDIAC/VASC EXAM"""
147,1,#N/A
162,1,#N/A
31,1,"0031 = ""0031: CAS W CT/CTA (Begin 2004)"""
1639,1,"1639 = ""1639: EYEBALL EVISCERATION NEC"""
7664,1,"7664 = ""7664: MAND ORTHOGNATHIC OP NEC"""
8415,1,"8415 = ""8415: BELOW KNEE AMPUTAT NEC"""
3601,1,"3601 = ""3601: PTCA-1 VESSEL W/O AGENT (Begin 1986"
3605,1,"3605 = ""3605: PTCA-MULTIPLE VESSEL (Begin 1986"
3604,1,"3604 = ""3604: INTRCORONRY THROMB INFUS (Begin 1986)"""
7642,1,"7642 = ""7642: TOTAL MANDIBULECTOMY NEC"""
8301,1,"8301 = ""8301: TENDON SHEATH EXPLORAT"""
2187,1,"2187 = ""2187: RHINOPLASTY NEC"""
226,1,#N/A
3173,1,"3173 = ""3173: TRACHEA FISTULA CLOS NEC"""
223,1,#N/A
4601,1,"4601 = ""4601: SM BOWEL EXTERIORIZATION"""
115,1,"0115 = ""0115: SKULL BIOPSY"""
1021,1,"1021 = ""1021: CONJUNCTIVAL BIOPSY"""
8683,1,"8683 = ""8683: SIZE REDUCT PLASTIC OP"""
893,1,"0893 = ""0893: EYELID EPILATION NEC"""
724,1,"724  = ""724 : FORCEPS ROTAT FETAL HEAD"""
722,1,"0722 = ""0722: UNILATERAL ADRENALECTOMY"""
1160,1,"1160 = ""1160: CORNEAL TRANSPLANT NOS"""
4593,1,"4593 = ""4593: SMALL-TO-LARGE BOWEL NEC"""
761,1,"0761 = ""0761: EXC PITUIT LES-TRANSFRON"""
526,1,"526  = ""526 : TOTAL PANCREATECTOMY"""
7938,1,"7938 = ""7938: OPEN REDUCT-INT FIX TOE"""
1200,1,"1200 = ""1200: REMOV ANT SEGMNT FB NOS"""
1202,1,"1202 = ""1202: NONMAG REMOV ANT SEG FB"""
5523,1,"5523 = ""5523: CLOSED RENAL BIOPSY"""
9239,1,"9239 = ""9239: STEREOTACTIC RADIOSURG NEC (Begin 1998)"""
8919,1,"8919 = ""8919: VIDEO/RADIO EEG MONITOR (Begin 1989)"""
935,1,#N/A
2183,1,"2183 = ""2183: TOT NASAL RECONSTRUCTION"""
472,1,"0472 = ""0472: ACCESSORY-FACIAL ANASTOM"""
7911,1,"7911 = ""7911: CLOS RED-INT FIX HUMERUS"""
952,1,"0952 = ""0952: LAC CANALICULI INCISION"""
118,1,"0118 = ""0118: OTHER BRAIN DX PROCEDURE"""
8671,1,"8671 = ""8671: CUT & PREP PEDICLE GRAFT"""
1293,1,"1293 = ""1293: REMOV EPITHEL DOWNGROWTH"""
9423,1,"9423 = ""9423: NEUROLEPTIC THERAPY"""
9425,1,"9425 = ""9425: PSYCHIAT DRUG THERAP NEC"""
9353,1,"9353 = ""9353: OTHER CAST APPLICATION"""
9352,1,"9352 = ""9352: NECK SUPPORT APPLICATION"""
9603,1,"9603 = ""9603: INSERT ESOPH OBTU AIRWAY"""
2724,1,"2724 = ""2724: MOUTH BIOPSY NOS"""
475,1,"0475 = ""0475: POSTOP REVIS PER NERV OP"""
8417,1,"8417 = ""8417: ABOVE KNEE AMPUTATION"""
3429,1,"3429 = ""3429: DX PROC MEDIASTINUM NEC"""
6549,1,"6549 = ""6549: OTH SALP OOPH UNI (Begin 1996)"""
3424,1,"3424 = ""3424: PLEURAL BIOPSY"""
471,1,"0471 = ""0471: HYPOGLOSS-FACIAL ANASTOM"""
3199,1,"3199 = ""3199: OTHER TRACHEAL OPERATION"""
187,1,#N/A
