,diags,Freq,
2,     ,31487,
1,,8120,
52,1602,1573,"01602 = ""01602: TB OF KIDNEY-EXAM UNKN"""
51,1600,1232,"01600 = ""01600: TB OF KIDNEY-UNSPEC"""
605,4019,1077,"4019  = ""4019 : HYPERTENSION NOS"""
53,1603,524,"01603 = ""01603: TB OF KIDNEY-MICRO DX"""
120,1985,487,"1985  = ""1985 : SECONDARY MALIG NEO BONE"""
56,1608,453,"1608  = ""1608 : MAL NEO ACCESS SINUS NEC"""
122,19889,336,"19889 = ""19889: SECONDARY MALIG NEO NEC"""
182,25000,283,"25000 = ""25000: DIABETES UNCOMPL TYPE II"""
119,1984,231,"1984  = ""1984 : SEC MALIG NEO NERVE NEC"""
340,3051,227,"3051  = ""3051 : TOBACCO USE DISORDER OCT 94"""
822,496,220,"496   = ""496  : CHR AIRWAY OBSTRUCT NEC"""
1465,V1582,216,"V1582 = ""V1582: HISTORY OF TOBACCO USE"""
265,2851,207,"2851  = ""2851 : AC POSTHEMORRHAG ANEMIA-"""
112,1973,199,"1973  = ""1973 : SEC MALIG NEO RESP NEC"""
270,2859,192,"2859  = ""2859 : ANEMIA NOS-"""
102,1960,166,"1960  = ""1960 : MAL NEO LYMPH-HEAD/NECK"""
55,1605,161,"01605 = ""01605: TB OF KIDNEY-HISTO DX"""
179,2449,159,"2449  = ""2449 : HYPOTHYROIDISM NOS"""
639,41401,159,"41401 = ""41401: CORONARY ATHERO NATIVE VESSEL (Begin 1994)"""
890,53081,157,"53081 = ""53081: ESOPHAGEAL REFLUX (Begin 1993)"""
680,42731,147,"42731 = ""42731: ATRIAL FIBRILLATION"""
225,2720,141,"2720  = ""2720 : PURE HYPERCHOLESTEROLEM"""
239,2761,128,"2761  = ""2761 : HYPOSMOLALITY"""
227,2724,126,"2724  = ""2724 : HYPERLIPIDEMIA NEC/NOS"""
249,2768,120,"2768  = ""2768 : HYPOPOTASSEMIA"""
1191,7847,117,"7847  = ""7847 : EPISTAXIS"""
633,412,106,"0412  = ""0412 : PNEUMOCOCCUS INFECT NOS"""
118,1983,105,"1983  = ""1983 : SEC MAL NEO BRAIN/SPINE"""
689,4280,98,"4280  = ""4280 : CONGESTIVE HEART FAILURE"""
775,4730,94,"4730  = ""4730 : CHR MAXILLARY SINUSITIS"""
1514,V4581,93,"V4581 = ""V4581: AORTOCORONARY BYPASS"""
54,1604,91,"01604 = ""01604: TB OF KIDNEY-CULT DX"""
780,4739,87,"4739  = ""4739 : CHRONIC SINUSITIS NOS-"""
1462,V153 ,85,"V153  = ""V153 : HX OF IRRADIATION"""
57,1609,78,"1609  = ""1609 : MAL NEO ACCESS SINUS NOS"""
819,49390,78,"49390 = ""49390: ASTHMA W/O STATUS ASTHM"""
474,3682,74,"03682 = ""03682: MENINGOCOCC ARTHROPATHY"""
687,42789,71,"42789 = ""42789: CARDIAC DYSRHYTHMIAS NEC"""
991,5990,71,"5990  = ""5990 : URIN TRACT INFECTION NOS"""
1320,99709,69,"99709 = ""99709: OTH NERV SYS CX (Begin 1995)"""
786,4781,66,"4781  = ""4781 : NASAL & SINUS DIS NEC"""
835,5180,66,"5180  = ""5180 : PULMONARY COLLAPSE"""
360,311,65,"0311  = ""0311 : CUTANEOUS MYCOBACTERIA"""
779,4738,65,"4738  = ""4738 : CHRONIC SINUSITIS NEC"""
839,5185,65,"5185  = ""5185 : POST TRAUM PULM INSUFFIC"""
638,41400,64,"41400 = ""41400: CORONARY ATHERO NOS (Begin 1994)"""
777,4732,63,"4732  = ""4732 : CHR ETHMOIDAL SINUSITIS"""
1321,9971,61,"9971  = ""9971 : SURG COMPL-HEART"""
1364,E8788,61,"E8788 = ""E8788: ABN REACT-SURG PROC NEC"""
62,1700,60,"01700 = ""01700: TB SKIN/SUBCUTAN-UNSPEC"""
422,3488,60,"3488  = ""3488 : BRAIN CONDITIONS NEC (end 2009)"""
1323,9973,58,"9973  = ""9973 : SURG COMPLIC-RESPIR SYST (end 2008)"""
1066,71590,56,"71590 = ""71590: OSTEOARTHROS NOS-UNSPEC"""
74,1733,55,"01733 = ""01733: TB OF EYE-MICRO DX"""
87,1901,54,"1901  = ""1901 : MALIGN NEOPL ORBIT"""
1336,9982,53,"9982  = ""9982 : ACCIDENTAL OP LACERATION"""
529,37630,52,"37630 = ""37630: EXOPHTHALMOS NOS"""
637,4140,52,"4140  = ""4140 : CORONARY ATHEROSCLEROSIS (End 1994)"""
1332,9981,51,"99981 = ""99981: EXTRAVSTN VESICANT CHEMO (Begin 2008)"""
1408,V1022,50,"V1022 = ""V1022: HX-NOSE/EAR/SINUS MALIG"""
1515,V4582,50,"V4582 = ""V4582: PTCA STATUS (Begin 1994)"""
1409,V103 ,49,"V103  = ""V103 : HX OF BREAST MALIGNANCY"""
326,30000,48,"30000 = ""30000: ANXIETY STATE NOS"""
767,470,48,"0470  = ""0470 : COXSACKIE VIRUS MENING"""
183,25001,46,"25001 = ""25001: DIABETES UNCOMPL TYPE I"""
1333,99811,46,"99811 = ""99811: HEMORR AS PROC CX (Begin 1996)"""
1442,V1259,46,"V1259 = ""V1259: HX-CIRC DISORDER NEC (Begin 1995)"""
222,2639,43,"2639  = ""2639 : PROTEIN-CAL MALNUTR NOS"""
814,4928,43,"4928  = ""4928 : EMPHYSEMA NEC"""
109,1970,42,"1970  = ""1970 : SECONDARY MALIG NEO LUNG"""
138,2120,42,"2120  = ""2120 : BEN NEO NASAL CAV/SINUS"""
252,27800,40,"27800 = ""27800: OBESITY UNSPECIFIED (Begin 1995)"""
660,4240,40,"4240  = ""4240 : MITRAL VALVE DISORDER"""
468,3659,38,"3659  = ""3659 : GLAUCOMA NOS"""
1186,7840,38,"7840  = ""7840 : HEADACHE"""
1414,V1046,38,"V1046 = ""V1046: HX-PROSTATIC MALIGNANCY"""
117,1982,37,"1982  = ""1982 : SECONDARY MALIG NEO SKIN"""
254,2800,37,"2800  = ""2800 : CHR BLOOD LOSS ANEMIA"""
604,4011,37,"4011  = ""4011 : BENIGN HYPERTENSION"""
635,4139,36,"4139  = ""4139 : ANGINA PECTORIS NEC/NOS"""
1155,78039,36,"78039 = ""78039: OT CONVULSIONS (Begin 1997)"""
1215,7872,36,"7872  = ""7872 : DYSPHAGIA (end 2007)"""
243,2765,35,"2765  = ""2765 : HYPOVOLEMIA (End 2005)"""
1116,73300,35,"73300 = ""73300: OSTEOPOROSIS NOS"""
1424,V1083,35,"V1083 = ""V1083: HX-SKIN MALIGNANCY NEC"""
428,34981,34,"34981 = ""34981: CEREBROSPINAL RHINORRHEA"""
1403,V1005,34,"V1005 = ""V1005: HX OF COLONIC MALIGNANCY"""
1014,6820,33,"6820  = ""6820 : CELLULITIS OF FACE"""
1225,78820,33,"78820 = ""78820: RETENTION OF URINE UNSPECIFED (Begin 1993)"""
840,51881,32,"51881 = ""51881: RESPIRATORY FAILURE (Begin 1987)"""
1074,71690,31,"71690 = ""71690: ARTHROPATHY NOS-UNSPEC"""
805,486,30,"486   = ""486  : PNEUMONIA- ORGANISM NOS"""
34,1452,29,"1452  = ""1452 : MALIG NEO HARD PALATE"""
770,4718,29,"4718  = ""4718 : NASAL SINUS POLYP NEC"""
825,5070,29,"5070  = ""5070 : FOOD/VOMIT PNEUMONITIS-"""
1159,78057,29,"78057 = ""78057: SLEEP APNEA NOS NEC (Begin 1992)"""
1501,V4501,29,#N/A
1517,V4589,29,#N/A
156,2318,28,"2318  = ""2318 : CA IN SITU RESP SYS NEC"""
727,4439,27,"4439  = ""4439 : PERIPH VASCULAR DIS NOS"""
918,5533,27,"5533  = ""5533 : DIAPHRAGMATIC HERNIA"""
1160,7806,27,"7806  = ""7806 : PYREXIA UNKNOWN ORIGIN (end 2008)"""
1327,9975,27,"9975 = ""9975: ADMIN OF NEUROPROTECTIVE AGENT (Begin 2000)"""
983,5939,26,"5939  = ""5939 : RENAL & URETERAL DIS NOS"""
997,60000,26,"60000 = ""60000: HYPERTROPHY (BENIGN) OF PROSTATE WITHOUT URIN (Begin 2003)"""
232,2749,25,"2749  = ""2749 : GOUT NOS"""
482,36960,25,"36960 = ""36960: BLINDNESS- ONE EYE"""
995,600,25,"0600  = ""0600 : SYLVATIC YELLOW FEVER"""
1334,99812,25,"99812 = ""99812: HEMATOMA PROC CX (Begin 1996)"""
1532,V5861,25,#N/A
208,2536,24,"2536  = ""2536 : NEUROHYPOPHYSIS DIS NEC"""
546,37854,24,"37854 = ""37854: SIXTH NERVE PALSY"""
816,49320,24,"49320 = ""49320: CH OB ASTH W/O STAT ASTH (Begin 1989)"""
1211,78701,24,"78701 = ""78701: NAUSEA WITH VOMITING (Begin 1994)"""
1317,9970,24,"9970  = ""9970 : SURG COMPLICATION-CNS (End 1995)"""
378,3310,22,"3310  = ""3310 : ALZHEIMERS DISEASE"""
594,3899,22,"3899  = ""3899 : HEARING LOSS NOS"""
1401,V1002,22,#N/A
233,2752,21,"2752  = ""2752 : DIS MAGNESIUM METABOLISM"""
329,3004,21,"3004  = ""3004 : NEUROTIC DEPRESSION"""
970,5849,21,"5849  = ""5849 : ACUTE RENAL FAILURE NOS"""
1337,9983,21,"9983  = ""9983 : POSTOP WOUND DISRUPTION (End 2002)"""
1423,V1082,21,#N/A
248,2767,20,"2767  = ""2767 : HYPERPOTASSEMIA"""
527,37601,20,"37601 = ""37601: ORBITAL CELLULITIS"""
1060,7140,20,"7140  = ""7140 : RHEUMATOID ARTHRITIS"""
1345,9988,20,"9988  = ""9988 : SURGICAL COMPLICAT NEC (End 1994)"""
1348,99889,20,"99889 = ""99889: OTHER COMPLIC NEC (Begin 1994)"""
506,37430,19,"37430 = ""37430: PTOSIS OF EYELID NOS"""
629,4111,19,"04111 = ""04111: STAPH AUREUS (Begin 1992)"""
685,42769,19,"42769 = ""42769: PREMATURE BEATS NEC"""
778,4733,19,"4733  = ""4733 : CHR SPHENOIDAL SINUSITIS"""
787,47819,19,"47819 = ""47819: NASAL & SINUS DIS NEC (Begin 2006)"""
897,53390,19,"53390 = ""53390: PEPTIC ULCER NOS"""
1242,79029,19,"79029 = ""79029: OTHER ABNORMAL GLUCOSE (Begin 2003)"""
606,40290,18,"40290 = ""40290: HYPERTENSIVE HRT DIS NOS"""
829,5119,18,"5119  = ""5119 : PLEURAL EFFUSION NOS"""
929,56400,18,"56400 = ""56400: UNSPECIFIED CONSTIPATION (Begin 2001)"""
1212,78702,18,"78702 = ""78702: NAUSEA ALONE (Begin 1994)"""
1439,V1251,18,#N/A
101,1950,17,"1950  = ""1950 : MAL NEO HEAD/FACE/NECK"""
114,1977,17,"1977  = ""1977 : SECOND MALIG NEO LIVER"""
255,2809,17,"2809  = ""2809 : IRON DEFIC ANEMIA NOS"""
757,4610,17,"4610  = ""4610 : AC MAXILLARY SINUSITIS"""
776,4731,17,"4731  = ""4731 : CHR FRONTAL SINUSITIS"""
1342,9985,17,"9985  = ""9985 : POSTOPERATIVE INFECTION (End 1996)"""
1537,V5869,17,#N/A
247,2766,16,"2766  = ""2766 : FLUID OVERLOAD"""
303,29410,16,"29410 = ""29410: DEMENTIA IN OTH DISEASES W0 BEHAVRAL OCT00-"""
382,3320,16,"3320  = ""3320 : PARALYSIS AGITANS"""
421,3485,16,"3485  = ""3485 : CEREBRAL EDEMA"""
651,417,16,"0417  = ""0417 : PSEUDOMONAS INFECT NOS"""
664,4254,16,"4254  = ""4254 : PRIM CARDIOMYOPATHY NEC"""
672,4264,16,"4264  = ""4264 : RT BUNDLE BRANCH BLOCK"""
1154,7803,16,"7803  = ""7803 : CONVULSIONS (End 1997)"""
1319,99702,16,"99702 = ""99702: POSTOP STROKE (Begin 1995)"""
1326,9974,16,"9974  = ""9974 : SURG COMPLIC-GI TRACT"""
1490,V433 ,16,#N/A
276,2875,15,"2875  = ""2875 : THROMBOCYTOPENIA NOS"""
305,2948,15,"2948  = ""2948 : ORGANIC BRAIN SYND NEC"""
337,30500,15,"30500 = ""30500: ALCOHOL ABUSE-UNSPEC"""
377,32723,15,"32723 = ""32723: OBSTRUCTIVE SLEEP APNEA (Begin 2005)"""
661,4241,15,"4241  = ""4241 : AORTIC VALVE DISORDER"""
694,4292,15,"4292  = ""4292 : ASCVD"""
993,5997,15,"5997  = ""5997 : HEMATURIA (end 2008)"""
1407,V1021,15,#N/A
83,185,14,"185   = ""185  : MALIGN NEOPL PROSTATE"""
302,2939,14,"2939  = ""2939 : TRANSIENT ORG MENTAL NOS"""
411,34590,14,"34590 = ""34590: EPILEP NOS W/O INTR EPIL (Begin 1989)"""
457,36250,14,"36250 = ""36250: MACULAR DEGENERATION NOS"""
636,414,14,"0414  = ""0414 : E. COLI INFECT NOS"""
771,4719,14,"4719  = ""4719 : NASAL POLYP NOS"""
1224,7882,14,"07882 = ""07882: EPIDEMIC VOMITING SYND"""
1343,99859,14,"99859 = ""99859: OTH POSTOP INFECTION (Begin 1996)"""
1448,V140 ,14,#N/A
29,1430,13,"1430  = ""1430 : MALIG NEO UPPER GUM"""
36,1455,13,"1455  = ""1455 : MALIGNANT NEO PALATE NOS"""
240,2762,13,"2762  = ""2762 : ACIDOSIS"""
282,2888,13,"2888  = ""2888 : WBC DISEASE NEC"""
334,30390,13,"30390 = ""30390: ALCOH DEP NECNOS-UNSPEC"""
413,34690,13,"34690 = ""34690: MIGRAINE NOS-NOT INTR (Begin 1992)"""
500,37273,13,"37273 = ""37273: CONJUNCTIVAL EDEMA"""
543,37851,13,"37851 = ""37851: PARTIAL THIRD NERV PALSY"""
643,4149,13,"4149  = ""4149 : CHR ISCHEMIC HRT DIS NOS"""
743,4538,13,"4538  = ""4538 : VENOUS THROMBOSIS NEC (end 2009)"""
752,4589,13,"4589  = ""4589 : HYPOTENSION NOS"""
768,4710,13,"4710  = ""4710 : POLYP OF NASAL CAVITY"""
975,5859,13,"5859  = ""5859 : CHRONIC KIDNEY DIS NOS (Begin 2005)"""
1244,7906,13,"7906  = ""7906 : ABN BLOOD CHEMISTRY NEC"""
1495,V440 ,13,#N/A
250,2769,,
502,37410,12,"37410 = ""37410: ECTROPION NOS"""
538,37749,12,"37749 = ""37749: OPTIC NERVE DISORDER NEC"""
843,51889,12,"51889 = ""51889: OTHER LUNG DISEASE NEC (Begin 1987)"""
1045,7070,12,"07070 = ""07070: HPT C W/O HEPAT COMA NOS (Begin 2004)"""
1193,7850,12,"7850  = ""7850 : TACHYCARDIA NOS"""
1270,845,12,"00845 = ""00845: CLOSTRIDIUM DIF (Begin 1992)"""
73,1731,11,"01731 = ""01731: TB OF EYE-NO EXAM"""
90,1907,11,"1907  = ""1907 : MAL NEO LACRIMAL DUCT"""
184,25002,11,"25002 = ""25002: DIABETES MELL TYPE II UNCONT (Begin 1993)"""
236,27541,11,"27541 = ""27541: HYPOCALCEMIA (Begin 1997)"""
238,2760,11,"2760  = ""2760 : HYPEROSMOLALITY"""
281,28860,11,"28860 = ""28860: LEUKOCYTOSIS NOS (Begin 2006)"""
338,30501,11,"30501 = ""30501: ALCOHOL ABUSE-CONTINUOUS"""
470,3669,11,"3669  = ""3669 : CATARACT NOS"""
496,37230,11,"37230 = ""37230: CONJUNCTIVITIS NOS"""
536,37739,11,"37739 = ""37739: OPTIC NEURITIS NEC"""
679,4271,11,"4271  = ""4271 : PAROX VENTRIC TACHYCARD"""
712,438,11,"438   = ""438  : LATE EFF CEREBROVASC DIS (End 1997)"""
1128,7380,11,"7380  = ""7380 : ACQ NOSE DEFORMITY"""
1178,7823,11,"7823  = ""7823 : EDEMA"""
1251,79431,11,"79431 = ""79431: ABNORM ELECTROCARDIOGRAM"""
1262,7994,11,"7994  = ""7994 : CACHEXIA"""
1444,V1271,11,#N/A
1496,V441 ,11,#N/A
7,1120,10,"01120 = ""01120: TB LUNG W CAVITY-UNSPEC"""
35,1453,10,"1453  = ""1453 : MALIG NEO SOFT PALATE"""
207,2535,10,"2535  = ""2535 : DIABETES INSIPIDUS"""
241,2763,10,"2763  = ""2763 : ALKALOSIS"""
267,28522,10,"28522 = ""28522: ANEMIA IN NEOPLASTIC DISEASE (Begin 2000)"""
325,2989,10,"2989  = ""2989 : -PSYCHOSIS NOS-"""
443,3572,10,"3572  = ""3572 : NEUROPATHY IN DIABETES"""
477,3688,10,"3688  = ""3688 : VISUAL DISTURBANCES NEC"""
487,3698,10,"3698  = ""3698 : VISUAL LOSS- ONE EYE NOS"""
608,40390,10,"40390 = ""40390: HYP REN NOS W/O REN FAIL (Begin 1989)"""
632,4119,10,"04119 = ""04119: OTHER STAPH (Begin 1992)"""
642,4148,10,"4148  = ""4148 : CHR ISCHEMIC HRT DIS NEC"""
847,5210,10,"5210  = ""5210 : DENTAL CARIES (End 2001)"""
924,5601,10,"05601 = ""05601: RUBELLA ENCEPHALITIS"""
926,56210,10,"56210 = ""56210: DVRTCLO COLON (W/O HMRHG) (Begin 1980)"""
1316,99679,10,"99679 = ""99679: COMP-INT PROST DEVIC NEC (Begin 1989)"""
1356,E8497,10,#N/A
1450,V142 ,10,#N/A
1453,V148 ,10,#N/A
1493,V4364,10,#N/A
1535,V5866,10,#N/A
64,1710,9,"01710 = ""01710: ERYTHEMA NODOS TB-UNSPEC"""
191,25060,9,"25060 = ""25060: DIAB NEURO MANIF TYPE II"""
293,2910,9,"2910  = ""2910 : DELIRIUM TREMENS"""
301,2930,9,"2930  = ""2930 : ACUTE DELIRIUM"""
380,3314,9,"3314  = ""3314 : OBSTRUCTIV HYDROCEPHALUS"""
587,389,9,"0389  = ""0389 : SEPTICEMIA NOS"""
609,40391,9,"40391 = ""40391: HYP RENAL NOS W REN FAIL (Begin 1989)"""
622,41071,9,"41071 = ""41071: SUBENDO INFARCT- INITIAL (Begin 1989)"""
668,42611,9,"42611 = ""42611: ATRIOVENT BLOCK-1ST DEGR"""
688,4279,9,"4279  = ""4279 : CARDIAC DYSRHYTHMIA NOS"""
701,43310,9,"43310 = ""43310: CAROTID ART OCCLUS W/O INFARCT (Begin 1993)"""
721,4409,9,"4409  = ""4409 : ATHEROSCLEROSIS NOS"""
762,4619,9,"04619 = ""04619: CREUTZFLDT-JAKOB NEC/NOS (Begin 2008)"""
784,4779,9,"4779  = ""4779 : ALLERGIC RHINITIS NOS"""
834,515,9,"515   = ""515  : POSTINFLAM PULM FIBROSIS"""
860,5239,9,"5239  = ""5239 : GINGIV/PERIODONT DIS NOS"""
923,5589,9,"5589  = ""5589 : NONINF GASTROENTERIT NEC"""
990,5989,9,"5989  = ""5989 : URETHRAL STRICTURE NOS"""
1216,78720,9,"78720 = ""78720: DYSPHAGIA NOS (Begin 2007)"""
1222,78791,9,"78791 = ""78791: DIARRHEA (Begin 1995)"""
1322,9972,9,"9972  = ""9972 : SURG COMP-PERI VASC SYST"""
1330,99791,9,"99791 = ""99791: HTN AS COMPLIC (Begin 1995)"""
1425,V1084,9,#N/A
1494,V4365,9,#N/A
1536,V5867,9,#N/A
43,1478,8,"1478  = ""1478 : MAL NEO NASOPHARYNX NEC"""
234,2753,8,"2753  = ""2753 : DIS PHOSPHORUS METABOL"""
251,2780,8,"2780  = ""2780 : OBESITY (End 1995)"""
264,2848,8,"2848  = ""2848 : APLASTIC ANEMIAS NEC (end 2007)"""
310,29590,8,"29590 = ""29590: SCHIZOPHRENIA NOS-UNSPEC"""
339,30503,8,"30503 = ""30503: ALCOHOL ABUSE-IN REMISS-"""
342,30511,8,"30511 = ""30511: TOBACCO ABUSE-CONTINUOUS"""
353,3090,8,"3090  = ""3090 : BRIEF DEPRESSIVE REACT"""
373,3229,8,"3229  = ""3229 : MENINGITIS NOS"""
375,3240,8,"3240  = ""3240 : INTRACRANIAL ABSCESS"""
479,36900,8,"36900 = ""36900: BOTH EYES BLIND-WHO DEF"""
488,3699,8,"3699  = ""3699 : VISUAL LOSS NOS"""
523,37556,8,"37556 = ""37556: ACQ NASOLACRML STENOSIS"""
653,4185,8,"04185 = ""04185: OTHER GRAM NEG ORGS (Begin 1992)"""
671,4263,8,"4263  = ""4263 : LEFT BB BLOCK NEC"""
682,4275,8,"4275  = ""4275 : CARDIAC ARREST"""
751,45829,8,"45829 = ""45829: OTHER IATROGENIC HYPOTENSION (Begin 2003)"""
758,4611,8,"04611 = ""04611: VARNT CREUTZFELDT-JAKOB (Begin 2008)"""
848,52100,8,"52100 = ""52100: UNSPECIFIED DENTAL CARIES (Begin 2001)"""
1032,6961,8,"6961  = ""6961 : OTHER PSORIASIS"""
1094,7242,8,"7242  = ""7242 : LUMBAGO"""
1151,78009,8,"78009 = ""78009: STUPOR (Begin 1992)"""
1187,7842,8,"7842  = ""7842 : SWELLING IN HEAD & NECK"""
1195,7852,8,"7852  = ""7852 : CARDIAC MURMURS NEC"""
1199,7856,8,"7856  = ""7856 : ENLARGEMENT LYMPH NODES"""
1201,78609,8,"78609 = ""78609: RESPIRATORY ABNORM NEC"""
1204,78650,8,"78650 = ""78650: CHEST PAIN NOS"""
1245,7907,8,"7907  = ""7907 : BACTEREMIA NOS"""
1258,79902,8,"79902 = ""79902: HYPOXEMIA (Begin 2005)"""
1304,99652,8,"99652 = ""99652: OTH TISSUE GRAFT MALFUNC (Begin 1987)"""
1363,E8786,8,#N/A
1416,V1051,8,#N/A
1430,V113 ,8,#N/A
1477,V168 ,8,#N/A
44,1479,7,"1479  = ""1479 : MAL NEO NASOPHARYNX NOS"""
132,20410,7,"20410 = ""20410: CHR LYM LEUK W/O RMSION (Begin 1991)"""
176,2440,7,"2440  = ""2440 : POSTSURGICAL HYPOTHYROID"""
202,2518,7,"2518  = ""2518 : PANCREATIC DISORDER NEC"""
206,2532,7,"2532  = ""2532 : PANHYPOPITUITARISM"""
235,2754,7,"2754  = ""2754 : DIS CALCIUM METABOLISM (End 1997)"""
253,27801,7,"27801 = ""27801: MORBID OBESITY (Begin 1995)"""
268,28529,7,"28529 = ""28529: ANEMIA OF OTHER CHRONIC ILLNESS (Begin 2000)"""
335,30391,7,"30391 = ""30391: ALCOH DEP NECNOS-CONTIN"""
370,32082,7,"32082 = ""32082: GRAM NEG MENINGITIS NEC (Begin 1992)"""
434,3510,7,"3510  = ""3510 : BELL-s PALSY"""
437,3526,7,"3526  = ""3526 : MULT CRANIAL NERVE PALSY"""
600,3970,7,"3970  = ""3970 : TRICUSPID VALVE DISEASE"""
627,411,7,"0411  = ""0411 : STAPH INFECTION NOS (Begin 1980"
750,4582,7,"4582  = ""4582 : IATROGENIC HYPOTENSION (Begin 1995"
755,45981,7,"45981 = ""45981: VENOUS INSUFFICIENCY NOS"""
772,4720,7,"4720  = ""4720 : CHRONIC RHINITIS"""
785,4780,7,"4780  = ""4780 : HYPERTRPH NASAL TURBINAT"""
968,5845,7,"5845  = ""5845 : LOWER NEPHRON NEPHROSIS"""
996,6000,7,"6000  = ""6000 : HYPERTROPHY (BENIGN) OF PROSTATE (Begin 2000"
1129,73819,7,"73819 = ""73819: OTH ACQ HEAD DEFORM (Begin 1992)"""
1153,7802,7,"7802  = ""7802 : SYNCOPE AND COLLAPSE"""
1156,7804,7,"7804  = ""7804 : DIZZINESS AND GIDDINESS"""
1171,7812,7,"07812 = ""07812: PLANTAR WART (Begin 2008)"""
1227,78829,7,"78829 = ""78829: OTH SPEC RETENTION OF URINE (Begin 1993)"""
1229,78830,7,"78830 = ""78830: URINARY INCONTIN NOS (Begin 1992)"""
1318,99701,7,"99701 = ""99701: CNS CX (Begin 1995)"""
1378,E9320,7,#N/A
1405,V1011,7,#N/A
1410,V1041,7,#N/A
1421,V1079,7,#N/A
1451,V145 ,7,#N/A
1468,V160 ,7,#N/A
1498,V443 ,7,#N/A
1543,V641 ,7,#N/A
20,135,6,"135   = ""135  : SARCOIDOSIS"""
95,1919,6,"1919  = ""1919 : MALIG NEO BRAIN NOS"""
174,24200,6,"24200 = ""24200: TOX DIF GOITER NO CRISIS"""
242,2764,6,"2764  = ""2764 : MIXED ACID-BASE BAL DIS"""
245,27651,6,"27651 = ""27651: DEHYDRATION (Begin 2005)"""
274,2869,6,"2869  = ""2869 : COAGULAT DEFECT NEC/NOS"""
296,29181,6,"29181 = ""29181: ALCOHOL WITHDRAWAL (Begin 1996)"""
352,3079,6,"3079  = ""3079 : SPECIAL SYMPTOM NECNOS"""
384,3331,6,"3331  = ""3331 : TREMOR NEC"""
442,3569,6,"3569  = ""3569 : IDIO PERIPH NEURPTHY NOS"""
514,37520,6,"37520 = ""37520: EPIPHORA NOS"""
531,37633,6,"37633 = ""37633: ORBITAL EDEMA"""
634,413,6,"0413  = ""0413 : KLEBSIELLA INFECT NOS"""
645,41511,6,"41511 = ""41511: IATROGENIC PULM EMBOL INFARCT (Begin 1995)"""
646,41519,6,"41519 = ""41519: OTHER PULMON EMBOL INFARCT (Begin 1995)"""
678,4270,6,"4270  = ""4270 : PAROX ATRIAL TACHYCARDIA"""
681,42732,6,"42732 = ""42732: ATRIAL FLUTTER"""
684,42761,6,"42761 = ""42761: ATRIAL PREMATURE BEATS"""
695,4293,6,"4293  = ""4293 : CARDIOMEGALY"""
759,4612,6,"4612  = ""4612 : AC ETHMOIDAL SINUSITIS"""
809,49120,6,"49120 = ""49120: OBS CHR BRNC W/O ACT EXA (Begin 1991)"""
810,49121,6,"49121 = ""49121: OBS CHR BRNC W ACT EXA (Begin 1991)"""
882,5289,6,"5289  = ""5289 : ORAL SOFT TISSUE DIS NEC"""
902,53550,6,"53550 = ""53550: GSTR/DDNTS NOS W/O HMRHG (Begin 1991)"""
931,5641,6,"5641  = ""5641 : IRRITABLE COLON"""
960,5789,6,"5789  = ""5789 : GASTROINTEST HEMORR NOS"""
971,585,6,"585   = ""585  : CHRONIC RENAL FAILURE (End 2005)"""
984,5960,6,"5960  = ""5960 : BLADDER NECK OBSTRUCTION"""
1086,7210,6,"7210  = ""7210 : CERVICAL SPONDYLOSIS"""
1329,9979,6,"9979  = ""9979 : SURG COMPL-BODY SYST NEC (End 1995)"""
1400,V1001,6,#N/A
1412,V1043,6,#N/A
1471,V163 ,6,#N/A
1500,V450 ,6,#N/A
23,1400,5,"01400 = ""01400: TB PERITONITIS-UNSPEC"""
38,1458,5,"1458  = ""1458 : MALIG NEOPLASM MOUTH NEC"""
40,1471,5,"1471  = ""1471 : MAL NEO POST NASOPHARYNX"""
67,1723,5,"01723 = ""01723: TB PERIPH LYMPH-MICRO DX"""
196,25090,5,"25090 = ""25090: DIAB W COMPL NOS TYPE II"""
219,2630,5,"2630  = ""2630 : MALNUTRITION MOD DEGREE"""
259,2819,5,"2819  = ""2819 : DEFICIENCY ANEMIA NOS"""
288,2900,5,"2900  = ""2900 : SENILE DEMENTIA UNCOMP"""
392,33829,5,"33829 = ""33829: CHRONIC PAIN NEC (Begin 2006)"""
398,34290,5,"34290 = ""34290: UNSPEC HEMIPLEGIA- UNSPEC SIDE (Begin 1994)"""
420,3484,5,"3484  = ""3484 : COMPRESSION OF BRAIN"""
427,34931,5,"34931 = ""34931: ACCID PUNC/OP LAC DURA (Begin 2008)"""
432,3501,5,"3501  = ""3501 : TRIGEMINAL NEURALGIA"""
501,37300,5,"37300 = ""37300: BLEPHARITIS NOS"""
561,381,5,"0381  = ""0381 : STAPHYLOCOCC SEPTICEMIA (End 1997)"""
565,3814,5,"3814  = ""3814 : NONSUPP OTITIS MEDIA NOS"""
649,4168,5,"4168  = ""4168 : CHR PULMON HEART DIS NEC"""
686,42781,5,"42781 = ""42781: SINOATRIAL NODE DYSFUNCT"""
714,43820,5,"43820 = ""43820: LATE EFF CVD HEMIPLEG NOS (Begin 1997)"""
723,4414,5,"4414  = ""4414 : ABDOM AORTIC ANEURYSM"""
765,4659,5,"4659  = ""4659 : ACUTE URI NOS"""
798,4820,5,"4820  = ""4820 : K. PNEUMONIAE PNEUMONIA"""
799,4821,5,"4821  = ""4821 : PSEUDOMONAL PNEUMONIA"""
812,4919,5,"4919  = ""4919 : CHRONIC BRONCHITIS NOS"""
841,51882,5,"51882 = ""51882: OTHER PULMONARY INSUFF (Begin 1987)"""
870,5264,5,"5264  = ""5264 : INFLAMMATION OF JAW"""
877,5280,5,"5280  = ""5280 : STOMATITIS"""
878,52800,5,"52800 = ""52800: STOMATITIS/MUCOSITIS NOS (Begin 2006)"""
928,5640,5,"5640  = ""5640 : CONSTIPATION (End 2001)"""
978,591,5,"591   = ""591  : HYDRONEPHROSIS"""
998,60001,5,"60001 = ""60001: HYPERTROPHY (BENIGN) OF PROSTATE WITH URINARY (Begin 2003)"""
1044,7062,5,"7062  = ""7062 : SEBACEOUS CYST"""
1065,71589,5,"71589 = ""71589: OSTEOARTHROSIS-MULT SITE"""
1113,73028,5,"73028 = ""73028: OSTEOMYELIT NOS-OTH SITE"""
1157,78052,5,"78052 = ""78052: INSOMNIA NEC"""
1169,7810,5,"07810 = ""07810: VIRAL WARTS UNSPEC (Begin 1993)"""
1170,7811,5,"07811 = ""07811: CONDYLOMA ACCUMINATUM (Begin 1993)"""
1181,78321,5,"78321 = ""78321: LOSS OF WEIGHT (Begin 2000)"""
1208,7866,5,"7866  = ""7866 : CHEST SWELLING/MASS/LUMP"""
1254,7962,5,"7962  = ""7962 : ELEV BL PRES W/O HYPERTN"""
1257,7990,5,"7990  = ""7990 : ASPHYXIA (End 2005)"""
1261,7993,5,"7993  = ""7993 : DEBILITY NOS"""
1308,99662,5,#N/A
1311,99669,5,#N/A
1331,99799,5,#N/A
1350,9992,5,#N/A
1367,E8798,5,#N/A
1399,V090 ,5,#N/A
1413,V1044,5,#N/A
1426,V1085,5,#N/A
1429,V1089,5,#N/A
1446,V1301,5,#N/A
1464,V1581,5,#N/A
1469,V161 ,5,#N/A
1511,V4577,5,#N/A
1512,V4578,5,#N/A
31,1439,4,"1439  = ""1439 : MALIG NEO GUM NOS"""
42,1473,4,"1473  = ""1473 : MAL NEO ANT NASOPHARYNX"""
103,1961,4,"1961  = ""1961 : MAL NEO LYMPH-INTRATHOR"""
139,2130,4,"2130  = ""2130 : BEN NEO SKULL/FACE BONE"""
172,2410,4,"2410  = ""2410 : NONTOX UNINODULAR GOITER"""
177,2441,4,"2441  = ""2441 : POSTABLAT HYPOTHYR NEC"""
192,25061,4,"25061 = ""25061: DIAB NEURO MANIF TYPE I"""
201,2512,4,"2512  = ""2512 : HYPOGLYCEMIA NOS"""
230,2738,4,"2738  = ""2738 : DIS PLAS PROTEIN MET NEC"""
237,27542,4,"27542 = ""27542: HYPERCALCEMIA (Begin 1997)"""
275,2874,4,"2874  = ""2874 : SECOND THROMBOCYTOPENIA"""
294,2912,4,"2912  = ""2912 : ALCOHOLIC DEMENTIA NEC"""
313,29620,4,"29620 = ""29620: DEPRESS PSYCHOSIS-UNSPEC"""
336,30393,4,"30393 = ""30393: ALCOH DEP NECNOS-REMISS"""
341,30510,4,"30510 = ""30510: TOBACCO ABUSE-UNSPEC"""
361,31400,4,"31400 = ""31400: ATTN DEFIC NONHYPERACT"""
365,317,4,"317   = ""317  : MILD MENTAL RETARDATION"""
397,3429,4,"3429  = ""3429 : HEMIPLEGIA NOS (End 1994)"""
491,37034,4,"37034 = ""37034: EXPSURE KERATOCONJUNCTIV"""
492,37140,4,"37140 = ""37140: CORNEAL DEGENERATION NOS"""
499,37272,4,"37272 = ""37272: CONJUNCTIVAL HEMORRHAGE"""
532,37689,4,"37689 = ""37689: ORBITAL DISORDERS NEC"""
540,37831,4,"37831 = ""37831: HYPERTROPIA"""
545,37853,4,"37853 = ""37853: FOURTH NERVE PALSY"""
547,37855,4,"37855 = ""37855: EXTERNAL OPHTHALMOPLEGIA"""
571,3829,4,"3829  = ""3829 : OTITIS MEDIA NOS"""
589,38910,4,"38910 = ""38910: SENSORNEUR HEAR LOSS NOS"""
603,4010,4,"4010  = ""4010 : MALIGNANT HYPERTENSION"""
625,41091,4,"41091 = ""41091: AMI NOS- INITIAL (Begin 1989)"""
652,418,4,"0418  = ""0418 : BACTERIAL INFECTION NEC (Begin 1980"
670,4262,4,"4262  = ""4262 : LEFT BB HEMIBLOCK"""
696,4299,4,"4299  = ""4299 : HEART DISEASE NOS"""
718,43889,4,"43889 = ""43889: OT LATE EFFECTS OF CVD (Begin 1997)"""
720,44020,4,"44020 = ""44020: ATHEROSCLEROS-EXTREM NOS (Begin 1992)"""
749,4580,4,"4580  = ""4580 : ORTHOSTATIC HYPOTENSION"""
824,501,4,"0501  = ""0501 : ALASTRIM"""
845,5198,4,"5198  = ""5198 : RESP SYSTEM DISEASE NEC"""
846,5206,4,"5206  = ""5206 : TOOTH ERUPTION DISTURB"""
851,5224,4,"5224  = ""5224 : AC APICAL PERIODONTITIS"""
867,5258,4,"5258  = ""5258 : DENTAL DISORDER NEC"""
886,53011,4,"53011 = ""53011: REFLUX ESOPHAGITIS (Begin 1993)"""
944,5715,4,"5715  = ""5715 : CIRRHOSIS OF LIVER NOS"""
959,5781,4,"5781  = ""5781 : MELENA"""
1026,6929,4,"6929  = ""6929 : DERMATITIS NOS"""
1039,7020,4,"07020 = ""07020: VRL HEPAT B CM W/O DELTA (Begin 1991)"""
1040,70219,4,"70219 = ""70219: OTHER SEBORRHEIC KERATOSIS (Begin 1994)"""
1055,7098,4,"7098  = ""7098 : SKIN DISORDERS NEC"""
1112,73018,4,"73018 = ""73018: CHR OSTEOMYELIT NEC"""
1125,73399,4,"73399 = ""73399: BONE & CARTILAGE DIS NEC"""
1163,78079,4,"78079 = ""78079: OTH MALAISE/FATIGUE (Begin 1998)"""
1180,7830,4,"7830  = ""7830 : ANOREXIA"""
1190,7845,4,"7845  = ""7845 : SPEECH DISTURBANCE NEC (end 2009)"""
1203,7863,4,"7863  = ""7863 : HEMOPTYSIS"""
1259,7991,4,"7991  = ""7991 : RESPIRATORY ARREST-"""
1275,8670,4,#N/A
1281,9092,4,#N/A
1335,99813,4,#N/A
1339,99831,4,#N/A
1344,9986,4,#N/A
1358,E8700,4,#N/A
1361,E8782,4,#N/A
1380,E9331,4,"E9331 = ""E9331: ADV EFF ANTINEOPLASTIC"""
1382,E9352,4,#N/A
1387,E9444,4,#N/A
1394,V0382,4,#N/A
1397,V078 ,4,#N/A
1398,V08  ,4,#N/A
1411,V1042,4,#N/A
1417,V1052,4,#N/A
1422,V1081,4,#N/A
1438,V125 ,4,#N/A
1452,V146 ,4,#N/A
1458,V1508,4,#N/A
1473,V1642,4,#N/A
1489,V431 ,4,#N/A
1503,V451 ,4,#N/A
1510,V4573,4,#N/A
1539,V600 ,4,#N/A
1556,V851 ,4,#N/A
5,1103,3,"01103 = ""01103: TB LUNG INFILTR-MICRO DX"""
9,1122,3,"01122 = ""01122: TB LUNG CAVITY-EXAM UNKN"""
17,1173,3,"01173 = ""01173: TB PNEUMOTHORAX-MICRO DX"""
19,1179,3,"1179  = ""1179 : MYCOSES NEC & NOS"""
30,1431,3,"1431  = ""1431 : MALIG NEO LOWER GUM"""
33,1450,3,"1450  = ""1450 : MAL NEO CHEEK MUCOSA"""
77,1736,3,"01736 = ""01736: TB OF EYE-OTH TEST"""
93,1911,3,"1911  = ""1911 : MALIG NEO FRONTAL LOBE"""
94,1918,3,"1918  = ""1918 : MALIG NEO BRAIN NEC"""
121,1987,3,"1987  = ""1987 : SECOND MALIG NEO ADRENAL"""
126,20280,3,"20280 = ""20280: LYMPHOMA NEC UNSPEC SITE"""
127,20281,3,"20281 = ""20281: LYMPHOMAS NEC HEAD"""
137,2113,3,"2113  = ""2113 : BENIGN NEOPLASM LG BOWEL"""
144,2163,3,"2163  = ""2163 : BENIGN NEO SKIN FACE NEC"""
178,2448,3,"2448  = ""2448 : ACQUIRED HYPOTHYROID NEC"""
185,25003,3,"25003 = ""25003: DIABETES MELL TYPE I UNCONT (Begin 1993)"""
193,25080,3,"25080 = ""25080: DIAB W MANIF NEC TYPE II"""
197,25091,3,"25091 = ""25091: DIAB W COMPL NOS TYPE I"""
213,2554,3,"2554  = ""2554 : CORTICOADRENAL INSUFFIC (end 2007)"""
217,261,3,"0261  = ""0261 : STREPTOBACILLARY FEVER"""
223,2662,3,"2662  = ""2662 : B-COMPLEX DEFIC NEC"""
226,2721,3,"2721  = ""2721 : PURE HYPERGLYCERIDEMIA"""
256,2810,3,"2810  = ""2810 : PERNICIOUS ANEMIA"""
278,2880,3,"2880  = ""2880 : AGRANULOCYTOSIS"""
283,2893,3,"2893  = ""2893 : LYMPHADENITIS NOS"""
285,2898,3,"2898  = ""2898 : BLOOD DISEASES NEC (End 2003)"""
286,28981,3,"28981 = ""28981: PRIMARY HYPERCOAGULABLE STATE (Begin 2003)"""
292,29040,3,"29040 = ""29040: ARTERIOSCLER DEMENT NOS"""
298,29212,3,"29212 = ""29212: DRUG HALLUCINOSIS"""
299,29281,3,"29281 = ""29281: DRUG-INDUCED DELIRIUM"""
320,2967,3,"2967  = ""2967 : BIPOLAR AFFECTIVE NOS"""
327,30001,3,"30001 = ""30001: PANIC DISORDER"""
345,30523,3,"30523 = ""30523: CANNABIS ABUSE-IN REMISS"""
348,30563,3,"30563 = ""30563: COCAINE ABUSE-IN REMISS"""
355,30928,3,"30928 = ""30928: ADJ REACT-MIXED EMOTION"""
356,30981,3,"30981 = ""30981: PROLONG POSTTRAUM STRESS"""
359,3109,3,"3109  = ""3109 : NONPSYCHOT BRAIN SYN NOS"""
367,319,3,"0319  = ""0319 : MYCOBACTERIAL DIS NOS"""
368,3202,3,"3202  = ""3202 : STREPTOCOCCAL MENINGITIS"""
391,33818,3,"33818 = ""33818: ACUTE POSTOP PAIN NEC (Begin 2006)"""
395,340,3,"0340  = ""0340 : STREP SORE THROAT"""
403,3441,3,"3441  = ""3441 : PARAPLEGIA NOS"""
416,3481,3,"3481  = ""3481 : ANOXIC BRAIN DAMAGE"""
417,3483,3,"3483  = ""3483 : ENCEPHALOPATHY NOS (End 2003)"""
425,3490,3,"3490  = ""3490 : LUMBAR PUNCTURE REACTION"""
452,36201,3,"36201 = ""36201: DIABETIC RETINOPATHY NOS"""
467,36589,3,"36589 = ""36589: GLAUCOMA NEC"""
504,37420,3,"37420 = ""37420: LAGOPHTHALMOS NOS"""
544,37852,3,"37852 = ""37852: TOTAL THIRD NERVE PALSY"""
549,3789,3,"3789  = ""3789 : EYE MOVEMNT DISORDER NOS"""
556,37991,3,"37991 = ""37991: PAIN IN OR AROUND EYE"""
557,37992,3,"37992 = ""37992: SWELLING OR MASS OF EYE"""
560,3804,3,"3804  = ""3804 : IMPACTED CERUMEN"""
563,3811,3,"03811 = ""03811: STAPH AUREUS SEPTICEMIA (Begin 1997)"""
564,38110,3,"38110 = ""38110: CHR SEROUS OM SIMP/NOS"""
568,38181,3,"38181 = ""38181: DYSFUNCT EUSTACHIAN TUBE"""
577,3843,3,"03843 = ""03843: PSEUDOMONAS SEPTICEMIA"""
586,38870,3,"38870 = ""38870: OTALGIA NOS"""
588,38900,3,"38900 = ""38900: CONDUCT HEARING LOSS NOS"""
590,38911,3,"38911 = ""38911: SENSORY HEARING LOSS"""
598,3963,3,"3963  = ""3963 : MITRAL/AORTIC VAL INSUFF"""
616,41011,3,"41011 = ""41011: AMI ANTERIOR WALL- INIT (Begin 1989)"""
648,4160,3,"4160  = ""4160 : PRIM PULM HYPERTENSION"""
697,430,3,"0430  = ""0430 : HIV CAUS LYMPHADENOPATHY (Begin 1986"
702,43330,3,"43330 = ""43330: MULT PRECEREB OCCLUS W/O INFARCT (Begin 1993)"""
707,436,3,"436   = ""436  : CVA"""
708,4370,3,"4370  = ""4370 : CEREBRAL ATHEROSCLEROSIS"""
710,4376,3,"4376  = ""4376 : NONPYOGEN THROMBOS SINUS"""
725,44281,3,"44281 = ""44281: ANEURYSM OF NECK"""
756,45989,3,"45989 = ""45989: CIRCULATORY DISEASE NEC"""
782,4748,3,"4748  = ""4748 : CHR T & A DIS NEC"""
807,490,3,"0490  = ""0490 : LYMPHOCYTIC CHORIOMENING"""
831,5121,3,"5121  = ""5121 : IATROGENIC PNEUMOTHORAX (Begin 1994)"""
837,5183,3,"5183  = ""5183 : PULMONARY EOSINOPHILIA"""
849,52109,3,"52109 = ""52109: OTHER DENTAL CARIES (Begin 2001)"""
873,52689,3,"52689 = ""52689: JAW DISEASE NEC"""
874,5272,3,"5272  = ""5272 : SIALOADENITIS"""
880,5285,3,"5285  = ""5285 : DISEASES OF LIPS"""
884,5301,3,"5301  = ""5301 : ESOPHAGITIS (End 1993)"""
895,53290,3,"53290 = ""53290: DUODENAL ULCER NOS"""
896,53370,3,"53370 = ""53370: CHRONIC PEPTIC ULCER NOS"""
907,5368,3,"5368  = ""5368 : STOMACH FUNCTION DIS NEC"""
908,5369,3,"5369  = ""5369 : STOMACH FUNCTION DIS NOS"""
911,539,3,"0539  = ""0539 : HERPES ZOSTER NOS"""
920,5569,3,"5569  = ""5569 : ULCERATIVE COLITIS NOS (Begin 1994)"""
941,5712,3,"5712  = ""5712 : ALCOHOL CIRRHOSIS LIVER"""
952,57420,3,"57420 = ""57420: CHOLELITHIASIS NOS"""
956,5771,3,"5771  = ""5771 : CHRONIC PANCREATITIS"""
974,5856,3,"5856  = ""5856 : END STAGE RENAL DISEASE (Begin 2005)"""
1024,69274,3,"69274 = ""69274: OTH CHRON SOLAR DERMATI (Begin 1992)"""
1034,6989,3,"6989  = ""6989 : PRURITIC DISORDER NOS"""
1036,7011,3,"7011  = ""7011 : KERATODERMA- ACQUIRED"""
1043,7054,3,"07054 = ""07054: CHR HEPAT C W/O COMA (Begin 1994)"""
1047,70703,3,"70703 = ""70703: DECUBITUS ULCER"
1048,7071,3,"07071 = ""07071: HPT C W HEPATIC COMA NOS (Begin 2004)"""
1078,71696,3,"71696 = ""71696: ARTHROPATHY NOS-L/LEG"""
1080,71699,3,"71699 = ""71699: ARTHROPATHY NOS-MULT"""
1085,7200,3,"7200  = ""7200 : ANKYLOSING SPONDYLITIS"""
1089,72190,3,"72190 = ""72190: SPONDYLOS NOS W/O MYELOP"""
1093,72402,3,"72402 = ""72402: SPINAL STENOSIS-LUMBAR"""
1107,7291,3,"7291  = ""7291 : MYALGIA AND MYOSITIS NOS"""
1110,72989,3,"72989 = ""72989: MUSCSKEL SYMPT LIMB NEC"""
1111,73008,3,"73008 = ""73008: AC OSTEOMYELITIS NEC"""
1119,73319,3,"73319 = ""73319: OTH SPEC PATH FX (Begin 1993)"""
1152,7801,3,"7801  = ""7801 : HALLUCINATIONS"""
1166,78097,3,"78097 = ""78097: ALTERED MENTAL STATUS (Begin 2006)"""
1167,78099,3,"78099 = ""78099: OTHER GENERAL SYMPTOMS (Begin 2002)"""
1176,7820,3,"7820  = ""7820 : SKIN SENSATION DISTURB"""
1177,7821,3,"7821  = ""7821 : NONSPECIF SKIN ERUPT NEC"""
1188,7843,3,"7843  = ""7843 : APHASIA"""
1207,78659,3,"78659 = ""78659: CHEST PAIN NEC"""
1232,78841,3,"78841 = ""78841: URINARY FREQUENCY (Begin 1993)"""
1237,78900,3,"78900 = ""78900: ABDOM PAIN NOS (Begin 1994)"""
1241,7902,3,"7902  = ""7902 : ABN GLUCOSE TOLERAN TEST (End 2003)"""
1247,79092,3,"79092 = ""79092: ABN COAGULATION PROFILE (Begin 1993)"""
1253,7955,3,"7955  = ""7955 : TUBERCULIN TEST REACTION"""
1272,849,3,"00849 = ""00849: BACTERIAL ENTERITIS NEC"""
1273,85180,3,"85180 = ""85180: BRAIN LACERATION NEC"""
1282,9181,3,"09181 = ""09181: ACUTE SYPHIL MENINGITIS"""
1289,9348,3,"9348  = ""9348 : FB TRACH/BRONCH/LUNG NEC"""
1297,9952,3,"09952 = ""09952: CHLAMYDIA-ANUS RECTUM (Begin 1992)"""
1299,99591,3,"99591 = ""99591: SYS INFLAM / INFECTI W/O ORGAN DYSFUNC (Begin 2002)"""
1306,99659,3,"99659 = ""99659: MALFUNC OTH DEVICE/GRAFT (Begin 1987)"""
1313,99674,3,"99674 = ""99674: COMP-OTH VASC DEV/GRAFT (Begin 1989)"""
1328,99779,3,"99679 = ""99679: COMP-INT PROST DEVIC NEC (Begin 1989)"""
1340,99832,3,"99832 = ""99832: DISRUPTION OF EXTERNAL OPER WOUND (Begin 2002)"""
1427,V1087,3,#N/A
1431,V1201,3,#N/A
1432,V1202,3,#N/A
1441,V1254,3,#N/A
1443,V127 ,3,#N/A
1445,V1272,3,#N/A
1449,V141 ,3,#N/A
1467,V1589,3,#N/A
1480,V173 ,3,#N/A
1487,V425 ,3,#N/A
1488,V430 ,3,#N/A
1508,V4571,3,#N/A
1513,V4579,3,#N/A
1518,V461 ,3,#N/A
1519,V4611,3,#N/A
1523,V4975,3,#N/A
1526,V550 ,3,#N/A
1534,V5865,3,#N/A
1545,V653 ,3,#N/A
1548,V661 ,3,#N/A
1549,V662 ,3,#N/A
1550,V667 ,3,#N/A
1555,V850 ,3,#N/A
1565,V8801,3,#N/A
4,1101,2,"01101 = ""01101: TB LUNG INFILTR-NO EXAM"""
13,11283,2,"11283 = ""11283: CANDIDAL MENINGITIS"""
14,11284,2,"11284 = ""11284: CANDIDAL ESOPHAGITIS (Begin 1992)"""
21,138,2,"138   = ""138  : LATE EFFECT ACUTE POLIO"""
24,1403,2,"01403 = ""01403: TB PERITONITIS-MICRO DX"""
25,1406,2,"01406 = ""01406: TB PERITONITIS-OTH TEST"""
39,1459,2,"1459  = ""1459 : MALIG NEOPLASM MOUTH NOS"""
47,1498,2,"1498  = ""1498 : MAL NEO ORAL/PHARYNX NEC"""
49,1539,2,"1539  = ""1539 : MALIGNANT NEO COLON NOS"""
50,1541,2,"1541  = ""1541 : MALIGNANT NEOPL RECTUM"""
59,1623,2,"01623 = ""01623: TB OF URETER-MICRO DX"""
70,1728,2,"1728  = ""1728 : MALIG MELANOMA SKIN NEC"""
76,1735,2,"01735 = ""01735: TB OF EYE-HISTO DX"""
84,1888,2,"1888  = ""1888 : MALIG NEO BLADDER NEC"""
99,1943,2,"1943  = ""1943 : MALIG NEO PITUITARY"""
100,1948,2,"1948  = ""1948 : MAL NEO ENDOCRINE NEC"""
106,1966,2,"1966  = ""1966 : MAL NEO LYMPH-INTRAPELV"""
111,1972,2,"1972  = ""1972 : SECOND MALIG NEO PLEURA"""
113,1976,2,"1976  = ""1976 : SEC MAL NEO PERITONEUM"""
116,1980,2,"1980  = ""1980 : SECOND MALIG NEO KIDNEY"""
123,1991,2,"1991  = ""1991 : MALIGNANT NEOPLASM NOS"""
128,2030,2,"2030  = ""2030 : MULTIPLE MYELOMA (Begin 1980"
129,20300,2,"20300 = ""20300: MULT MYELM W/O REMISSION (Begin 1991)"""
141,2148,2,"2148  = ""2148 : LIPOMA NEC"""
145,2166,2,"2166  = ""2166 : BENIGN NEO SKIN ARM"""
150,2252,2,"2252  = ""2252 : BEN NEO CEREBR MENINGES"""
151,2271,2,"2271  = ""2271 : BENIGN NEO PARATHYROID"""
152,2273,2,"2273  = ""2273 : BENIGN NEO PITUITARY"""
155,2300,2,"2300  = ""2300 : CA IN SITU ORAL CAV/PHAR"""
159,2323,2,"2323  = ""2323 : CA IN SITU SKIN FACE NEC"""
167,2387,2,"2387  = ""2387 : LYMPHOPROLIFERAT DIS NOS"""
180,2452,2,"2452  = ""2452 : CHR LYMPHOCYT THYROIDIT"""
186,25040,2,"25040 = ""25040: DIAB RENAL MANIF TYPE II"""
189,25051,2,"25051 = ""25051: DIAB EYE MANIF TYPE I"""
199,25093,2,"25093 = ""25093: DIAB W COMPL NOS TYPE I DM UNCONT (Begin 1993)"""
216,260,2,"0260  = ""0260 : SPIRILLARY FEVER"""
221,2638,2,"2638  = ""2638 : PROTEIN-CAL MALNUTR NEC"""
231,2740,2,"2740  = ""2740 : GOUTY ARTHROPATHY (end 2009)"""
246,27652,2,"27652 = ""27652: HYPOVOLEMIA (Begin 2005)"""
260,2824,2,"2824  = ""2824 : THALASSEMIAS (End 2003)"""
261,2825,2,"2825  = ""2825 : SICKLE-CELL TRAIT"""
266,28521,2,"28521 = ""28521: ANEMIA IN END-STAGE RENAL DISEASE (Begin 2000)"""
306,2949,2,"2949  = ""2949 : ORGANIC BRAIN SYND NOS"""
307,29520,2,"29520 = ""29520: CATATONIA-UNSPEC"""
319,29650,2,"29650 = ""29650: BIPOLAR AFF/ DEPR-UNSPEC"""
321,29680,2,"29680 = ""29680: MANIC-DEPRESSIVE NOS"""
323,2971,2,"2971  = ""2971 : PARANOIA"""
344,30521,2,"30521 = ""30521: CANNABIS ABUSE-CONTIN"""
362,31401,2,"31401 = ""31401: ATTN DEFICIT W HYPERACT"""
366,3181,2,"3181  = ""3181 : SEVERE MENTAL RETARDAT"""
371,3209,2,"3209  = ""3209 : BACTERIAL MENINGITIS NOS"""
374,3239,2,"3239  = ""3239 : ENCEPHALITIS NOS"""
385,3332,2,"3332  = ""3332 : MYOCLONUS"""
386,33394,2,"33394 = ""33394: RESTLESS LEGS SYNDROME (Begin 2006)"""
402,3439,2,"3439  = ""3439 : CEREBRAL PALSY NOS"""
406,3449,2,"3449  = ""3449 : PARALYSIS NOS"""
407,34510,2,"34510 = ""34510: GEN CNV EPIL W/O INTR EP (Begin 1989)"""
408,3453,2,"3453  = ""3453 : GRAND MAL STATUS"""
410,3459,2,"3459  = ""3459 : EPILEPSY NOS (Begin 1980"
415,3480,2,"3480  = ""3480 : CEREBRAL CYSTS"""
430,34989,2,"34989 = ""34989: CNS DISORDER NEC"""
433,3509,2,"3509  = ""3509 : TRIGEMINAL NERVE DIS NOS"""
446,3591,2,"3591  = ""3591 : HERED PROG MUSC DYSTRPHY"""
450,36089,2,"36089 = ""36089: DISORDER OF GLOBE NEC"""
455,36231,2,"36231 = ""36231: CENT RETINA ARTERY OCCLU"""
473,36800,2,"36800 = ""36800: AMBLYOPIA NOS"""
478,3689,2,"03689 = ""03689: MENINGOCOCCAL INFECT NEC"""
481,3694,2,"3694  = ""3694 : LEGAL BLINDNESS-USA DEF"""
495,37200,2,"37200 = ""37200: ACUTE CONJUNCTIVITIS NOS"""
498,37240,2,"37240 = ""37240: PTERYGIUM NOS"""
512,37500,2,"37500 = ""37500: DACRYOADENITIS NOS"""
513,37515,2,"37515 = ""37515: TEAR FILM INSUFFIC NOS"""
516,37522,2,"37522 = ""37522: EPIPHORA D/T INSUF DRAIN"""
517,37530,2,"37530 = ""37530: DACRYOCYSTITIS NOS"""
524,37561,2,"37561 = ""37561: LACRIMAL FISTULA"""
528,37610,2,"37610 = ""37610: CHR INFLAM NOS- ORBIT"""
539,37810,2,"37810 = ""37810: EXOTROPIA NOS"""
548,37856,2,"37856 = ""37856: TOTAL OPHTHALMOPLEGIA"""
555,37990,2,"37990 = ""37990: EYE DISORDER NOS"""
569,3819,2,"03819 = ""03819: OT STAPH SEPTICEMIA (Begin 1997)"""
570,382,2,"0382  = ""0382 : PNEUMOCOCCAL SEPTICEMIA"""
584,38801,2,"38801 = ""38801: PRESBYACUSIS"""
585,38830,2,"38830 = ""38830: TINNITUS NOS"""
599,3968,2,"3968  = ""3968 : MITR/AORTIC MULT INVOLV"""
615,4100,2,"04100 = ""04100: STREPTOCOCCUS UNSPEC (Begin 1992)"""
621,41042,2,"41042 = ""41042: AMI INFERIOR WALL;SUBSEQ (Begin 1989)"""
624,4109,2,"04109 = ""04109: OTHER STREPTOCOCCUS (Begin 1992)"""
630,4112,2,"04112 = ""04112: MRSA ELSEWHERE/NOS (Begin 2008)"""
647,416,2,"0416  = ""0416 : PROTEUS INFECTION NOS"""
650,4169,2,"4169  = ""4169 : CHR PULMON HEART DIS NOS"""
655,4189,2,"04189 = ""04189: OTHER SPEC BACTERIA (Begin 1992)"""
656,419,2,"0419  = ""0419 : BACTERIAL INFECTION NOS"""
657,42,2,"0042  = ""0042 : SHIGELLA BOYDII"""
659,4239,2,"4239  = ""4239 : PERICARDIAL DISEASE NOS"""
663,4251,2,"4251  = ""4251 : HYPERTR OBSTR CARDIOMYOP"""
665,4255,2,"4255  = ""4255 : ALCOHOL CARDIOMYOPATHY"""
666,4258,2,"4258  = ""4258 : CARDIOMYOPATH IN OTH DIS"""
667,4260,2,"4260  = ""4260 : ATRIOVENT BLOCK COMPLETE"""
676,4267,2,"4267  = ""4267 : ANOMALOUS AV EXCITATION"""
692,42830,2,"42830 = ""42830: UNSPECIFIED DIASTOLIC HEART FAILURE (Begin 2002)"""
698,431,2,"0431  = ""0431 : HIV CAUS SP CNS DISEASE (Begin 1986"
699,4320,2,"4320  = ""4320 : NONTRAUM EXTRADURAL HEM"""
700,4321,2,"4321  = ""4321 : SUBDURAL HEMORRHAGE"""
733,4479,2,"4479  = ""4479 : ARTERIAL DISEASE NOS"""
737,45182,2,"45182 = ""45182: PHLEBITIS SUPERFIC VEINS UP EXTREM (Begin 1993)"""
738,45184,2,"45184 = ""45184: PHLEBITIS UP EXTREM UNSPEC VEIN (Begin 1993)"""
745,4549,2,"4549  = ""4549 : VARICOSE VEIN OF LEG NOS"""
747,4556,2,"4556  = ""4556 : HEMORRHOIDS NOS"""
754,4592,2,"04592 = ""04592: AC POLIO NOS-TYPE 2"""
761,4618,2,"4618  = ""4618 : OTHER ACUTE SINUSITIS"""
763,462,2,"0462  = ""0462 : SUBAC SCLEROS PANENCEPH"""
769,4711,2,"4711  = ""4711 : POLYPOID SINUS DEGEN"""
774,4722,2,"4722  = ""4722 : CHRONIC NASOPHARYNGITIS"""
790,47829,2,"47829 = ""47829: DISEASE OF PHARYNX NEC"""
795,4786,2,"4786  = ""4786 : EDEMA OF LARYNX"""
802,4824,2,"4824  = ""4824 : STAPHYLOCOCCAL PNEUMONIA (End 1998)"""
808,4912,2,"4912  = ""4912 : OBSTRUCT CHR BRONCHITIS (Begin 1980"
811,4918,2,"4918  = ""4918 : CHRONIC BRONCHITIS NEC"""
828,5118,2,"5118  = ""5118 : PLEURAL EFFUS NEC NOT TB (end 2008)"""
833,514,2,"514   = ""514  : PULM CONGEST/HYPOSTASIS"""
836,5181,2,"5181  = ""5181 : INTERSTITIAL EMPHYSEMA"""
850,5218,2,"5218  = ""5218 : HARD TISS DIS TEETH NEC"""
855,5231,2,"5231  = ""5231 : CHRONIC GINGIVITIS"""
856,5233,2,"5233  = ""5233 : ACUTE PERIODONTITIS"""
857,5234,2,"5234  = ""5234 : CHRONIC PERIODONTITIS"""
859,5238,2,"5238  = ""5238 : PERIODONTAL DISEASE NEC"""
861,52401,2,"52401 = ""52401: ANOM JAW SIZE-MAX HYPER (Begin 1992)"""
862,52430,2,"52430 = ""52430: TOOTH POSITION ANOM NOS (Begin 2004)"""
864,5249,2,"5249  = ""5249 : DENTOFACIAL ANOMALY NOS"""
865,52510,2,"52510 = ""52510: ACQUIRED ABSENCE OF TEETH NOS (Begin 2001)"""
869,5260,2,"5260  = ""5260 : DEVEL ODONTOGENIC CYSTS"""
879,5283,2,"5283  = ""5283 : CELLULITIS/ABSCESS MOUTH"""
887,5302,2,"5302  = ""5302 : ULCER OF ESOPHAGUS (End 2003)"""
891,53085,2,"53085 = ""53085: BARRETTS ESOPHAGUS (Begin 2003)"""
905,53642,2,"53642 = ""53642: GASTROST MECH COMPL (Begin 1998)"""
912,549,2,"0549  = ""0549 : HERPES SIMPLEX NOS"""
913,55090,2,"55090 = ""55090: UNILAT INGUINAL HERNIA"""
915,5531,2,"5531  = ""5531 : UMBILICAL HERNIA"""
925,56039,2,"56039 = ""56039: IMPACTION INTESTINE NEC"""
927,56211,2,"56211 = ""56211: DVRTCLI COLON (W/O HMRHG) (Begin 1980)"""
933,5644,2,"5644  = ""5644 : POSTOP GI FUNCT DIS NEC"""
945,5718,2,"5718  = ""5718 : CHRONIC LIVER DIS NEC"""
946,5722,2,"5722  = ""5722 : HEPATIC COMA"""
949,5739,2,"5739  = ""5739 : LIVER DISORDER NOS"""
950,57410,2,"57410 = ""57410: CHOLELITH W CHOLECYS NEC"""
955,5770,2,"5770  = ""5770 : ACUTE PANCREATITIS"""
958,5780,2,"5780  = ""5780 : HEMATEMESIS"""
964,5829,2,"05829 = ""05829: HUMAN HERPESVR ENCPH NEC (Begin 2007)"""
966,58381,2,"58381 = ""58381: NEPHRITIS NOS IN OTH DIS"""
979,5933,2,"5933  = ""5933 : STRICTURE OF URETER"""
985,5964,2,"5964  = ""5964 : ATONY OF BLADDER"""
992,5996,2,"5996  = ""5996 : URINARY OBSTRUCTION NOS (End 2005)"""
1001,6011,2,"6011  = ""6011 : CHRONIC PROSTATITIS"""
1005,61172,2,"61172 = ""61172: LUMP OR MASS IN BREAST"""
1016,6823,2,"6823  = ""6823 : CELLULITIS OF ARM"""
1017,6824,2,"6824  = ""6824 : CELLULITIS OF HAND"""
1018,6826,2,"6826  = ""6826 : CELLULITIS OF LEG"""
1021,6869,2,"6869  = ""6869 : LOCAL SKIN INFECTION NOS"""
1027,6930,2,"6930  = ""6930 : DRUG DERMATITIS NOS"""
1028,6945,2,"6945  = ""6945 : PEMPHIGOID"""
1035,701,2,"0701  = ""0701 : HEPATITIS A W/O COMA"""
1042,7048,2,"7048  = ""7048 : HAIR DISEASES NEC"""
1053,7092,2,"7092  = ""7092 : SCAR & FIBROSIS OF SKIN"""
1056,7099,2,"7099  = ""7099 : SKIN DISORDER NOS"""
1057,7100,2,"7100  = ""7100 : SYST LUPUS ERYTHEMATOSUS"""
1063,71531,2,"71531 = ""71531: LOC OSTEOARTH NOS-SHLDER"""
1068,71594,2,"71594 = ""71594: OSTEOARTHROS NOS-HAND"""
1070,71596,2,"71596 = ""71596: OSTEOARTHROS NOS-L/LEG"""
1073,71659,2,"71659 = ""71659: POLYARTHRITIS NOS-MULT"""
1076,71694,2,"71694 = ""71694: ARTHROPATHY NOS-HAND"""
1079,71698,2,"71698 = ""71698: ARTHROPATHY NOS-OTH SITE"""
1092,72400,2,"72400 = ""72400: SPINAL STENOSIS NOS"""
1097,7245,2,"7245  = ""7245 : BACKACHE NOS"""
1099,725,2,"725   = ""725  : POLYMYALGIA RHEUMATICA"""
1101,72691,2,"72691 = ""72691: EXOSTOSIS- SITE NOS"""
1104,72888,2,"72888 = ""72888: RHABDOMYOLYSIS (Begin 2003)"""
1114,7310,2,"7310  = ""7310 : OSTEITIS DEFORMANS NOS"""
1123,73349,2,"73349 = ""73349: ASEPT NECROSIS BONE NEC"""
1124,73390,2,"73390 = ""73390: BONE & CARTILAGE DIS NOS"""
1127,73730,2,"73730 = ""73730: IDIOPATHIC SCOLIOSIS"""
1146,7564,2,"7564  = ""7564 : CHONDRODYSTROPHY"""
1149,78001,2,"78001 = ""78001: COMA (Begin 1992)"""
1164,7809,2,"7809  = ""7809 : GENERAL SYMPTOMS NEC (End 2002)"""
1173,7819,2,"07819 = ""07819: OTHER SPEC VIRAL WARTS (Begin 1993)"""
1174,78194,2,"78194 = ""78194: FACIAL WEAKNESS (Begin 2003)"""
1185,7837,2,"7837  = ""7837 : ADULT FAILURE TO THRIVE (Begin 2000)"""
1197,78552,2,"78552 = ""78552: SEPTIC SHOCK (Begin 2003)"""
1200,78603,2,"78603 = ""78603: APNEA (Begin 1998)"""
1210,7870,2,"7870  = ""7870 : NAUSEA AND VOMITING (End 1994)"""
1213,78703,2,"78703 = ""78703: VOMITING ALONE (Begin 1994)"""
1217,78721,2,"78721 = ""78721: DYSPHAGIA"
1219,78729,2,"78729 = ""78729: DYSPHAGIA NEC (Begin 2007)"""
1243,7905,2,"7905  = ""7905 : ABN SERUM ENZY LEVEL NEC"""
1249,7920,2,"7920  = ""7920 : ABN FND-CEREBROSPINAL FL"""
1252,7948,2,"7948  = ""7948 : ABN LIVER FUNCTION STUDY"""
1266,8028,2,"8028  = ""8028 : FX FACIAL BONE NEC-CLOSE"""
1278,87363,2,#N/A
1280,9072,2,#N/A
1300,99592,2,#N/A
1301,9962,2,#N/A
1302,9964,2,#N/A
1309,99663,2,#N/A
1310,99664,2,#N/A
1312,99672,2,#N/A
1346,99881,2,#N/A
1347,99883,2,#N/A
1349,9989,2,#N/A
1351,99931,2,#N/A
1352,9998,2,#N/A
1362,E8784,2,#N/A
1370,E915 ,2,#N/A
1375,E9305,2,#N/A
1376,E9308,2,#N/A
1379,E9330,2,#N/A
1381,E9342,2,#N/A
1384,E9363,2,#N/A
1393,V0262,2,#N/A
1415,V1047,2,#N/A
1420,V1072,2,#N/A
1428,V1088,2,#N/A
1433,V1209,2,#N/A
1459,V1509,2,#N/A
1460,V151 ,2,#N/A
1466,V1584,2,#N/A
1472,V1641,2,#N/A
1474,V1649,2,#N/A
1475,V1659,2,#N/A
1476,V167 ,2,#N/A
1478,V169 ,2,#N/A
1485,V421 ,2,#N/A
1486,V422 ,2,#N/A
1492,V436 ,2,#N/A
1502,V4502,2,#N/A
1506,V454 ,2,#N/A
1507,V4561,2,#N/A
1522,V4972,2,#N/A
1524,V4976,2,#N/A
1525,V4981,2,#N/A
1527,V551 ,2,#N/A
1544,V642 ,2,#N/A
1546,V654 ,2,#N/A
1552,V707 ,2,#N/A
1560,V8531,2,#N/A
1563,V854 ,2,#N/A
1564,V8741,2,#N/A
3,1000,1,"01000 = ""01000: PRIM TB COMPLEX-UNSPEC"""
6,1104,1,"01104 = ""01104: TB LUNG INFILTR-CULT DX"""
8,1121,1,"01121 = ""01121: TB LUNG W CAVITY-NO EXAM"""
10,1123,1,"01123 = ""01123: TB LUNG W CAVIT-MICRO DX"""
11,1124,1,"01124 = ""01124: TB LUNG W CAVITY-CULT DX"""
12,1125,1,"01125 = ""01125: TB LUNG W CAVIT-HISTO DX"""
15,11289,1,"11289 = ""11289: CANDIDIASIS SITE NEC"""
16,1129,1,"1129  = ""1129 : CANDIDIASIS SITE NOS"""
18,1177,1,"1177  = ""1177 : ZYGOMYCOSIS"""
22,1398,1,"1398  = ""1398 : LATE EFF INFECT DIS NEC"""
26,1420,1,"1420  = ""1420 : MALIG NEO PAROTID"""
27,1428,1,"1428  = ""1428 : MAL NEO MAJ SALIVARY NEC"""
28,1429,1,"1429  = ""1429 : MAL NEO SALIVARY NOS"""
32,1449,1,"1449  = ""1449 : MAL NEO MOUTH FLOOR NOS"""
37,1456,1,"1456  = ""1456 : MALIG NEO RETROMOLAR"""
41,1472,1,"1472  = ""1472 : MAL NEO LAT NASOPHARYNX"""
45,1481,1,"01481 = ""01481: INTESTIN TB NEC-NO EXAM"""
46,1490,1,"1490  = ""1490 : MAL NEO PHARYNX NOS"""
48,1536,1,"1536  = ""1536 : MALIG NEO ASCEND COLON"""
58,1622,1,"01622 = ""01622: TB OF URETER-EXAM UNKN"""
60,1628,1,"1628  = ""1628 : MAL NEO BRONCH/LUNG NEC"""
61,1629,1,"1629  = ""1629 : MAL NEO BRONCH/LUNG NOS"""
63,1705,1,"01705 = ""01705: TB SKIN/SUBCUT-HISTO DX"""
65,1714,1,#N/A
66,1718,1,"1718  = ""1718 : MAL NEO SOFT TISSUE NEC"""
68,1724,1,"01724 = ""01724: TB PERIPH LYMPH-CULT DX"""
69,1725,1,"01725 = ""01725: TB PERIPH LYMPH-HISTO DX"""
71,1729,1,"1729  = ""1729 : MALIG MELANOMA SKIN NOS"""
72,1730,1,"01730 = ""01730: TB OF EYE-UNSPEC"""
75,1734,1,"01734 = ""01734: TB OF EYE-CULT DX"""
78,1744,1,"01744 = ""01744: TB OF EAR-CULT DX"""
79,1748,1,"1748  = ""1748 : MALIGN NEOPL BREAST NEC"""
80,1749,1,"1749  = ""1749 : MALIGN NEOPL BREAST NOS"""
81,1760,1,"01760 = ""01760: TB OF ADRENAL-UNSPEC"""
82,1763,1,"01763 = ""01763: TB OF ADRENAL-MICRO DX"""
85,1889,1,"1889  = ""1889 : MALIG NEO BLADDER NOS"""
86,1890,1,"01890 = ""01890: MILIARY TB NOS-UNSPEC"""
88,1902,1,"1902  = ""1902 : MAL NEO LACRIMAL GLAND"""
89,1903,1,"1903  = ""1903 : MAL NEO CONJUNCTIVA"""
91,1908,1,"1908  = ""1908 : MALIGN NEOPL EYE NEC"""
92,1910,1,"1910  = ""1910 : MALIGN NEOPL CEREBRUM"""
96,1921,1,"1921  = ""1921 : MAL NEO CEREBRAL MENING"""
97,1928,1,"1928  = ""1928 : MAL NEO NERVOUS SYST NEC"""
98,193,1,"193   = ""193  : MALIGN NEOPL THYROID"""
104,1963,1,"1963  = ""1963 : MAL NEO LYMPH-AXILLA/ARM"""
105,1965,1,"1965  = ""1965 : MAL NEO LYMPH-INGUIN/LEG"""
107,1968,1,"1968  = ""1968 : MAL NEO LYMPH NODE-MULT"""
108,1969,1,"1969  = ""1969 : MAL NEO LYMPH NODE NOS"""
110,1971,1,"1971  = ""1971 : SEC MAL NEO MEDIASTINUM"""
115,1978,1,"1978  = ""1978 : SEC MAL NEO GI NEC"""
124,20010,1,"20010 = ""20010: LYMPHOSARCOMA UNSPEC"""
125,20192,1,"20192 = ""20192: HODGKINS DIS NOS THORAX"""
130,20401,1,"20401 = ""20401: ACT LYM LEUK W RMSION (Begin 1991)"""
131,2041,1,"2041  = ""2041 : CHR LYMPHOID LEUKEMIA (Begin 1980"
133,20890,1,"20890 = ""20890: LEUKEMIA NOS W/O REMSION (Begin 1991)"""
134,2102,1,"2102  = ""2102 : BEN NEO MAJOR SALIVARY"""
135,2104,1,"2104  = ""2104 : BENIGN NEO MOUTH NEC/NOS"""
136,2111,1,"2111  = ""2111 : BENIGN NEOPLASM STOMACH"""
140,2131,1,"2131  = ""2131 : BEN NEO LOWER JAW BONE"""
142,2150,1,"2150  = ""2150 : BEN NEO SOFT TISSUE HEAD"""
143,2161,1,"2161  = ""2161 : BENIGN NEO SKIN EYELID"""
146,2168,1,"2168  = ""2168 : BENIGN NEOPLASM SKIN NEC"""
147,2241,1,"2241  = ""2241 : BENIGN NEOPLASM ORBIT"""
148,2247,1,"2247  = ""2247 : BEN NEO LACRIMAL DUCT"""
149,2251,1,"2251  = ""2251 : BENIGN NEO CRANIAL NERVE"""
153,22802,1,"22802 = ""22802: HEMANGIOMA INTRACRANIAL"""
154,22804,1,"22804 = ""22804: HEMANGIOMA INTRA-ABDOM"""
157,2319,1,"2319  = ""2319 : CA IN SITU RESP SYS NOS"""
158,2322,1,"2322  = ""2322 : CA IN SITU SKIN EAR"""
160,2330,1,"2330  = ""2330 : CA IN SITU BREAST"""
161,2333,1,#N/A
162,2340,1,"2340  = ""2340 : CA IN SITU EYE"""
163,2348,1,"2348  = ""2348 : CA IN SITU NEC"""
164,2359,1,"2359  = ""2359 : UNC BEHAV NEO RESP NEC"""
165,2382,1,"2382  = ""2382 : UNC BEHAV NEO SKIN"""
166,2384,1,"2384  = ""2384 : POLYCYTHEMIA VERA"""
168,2388,1,"2388  = ""2388 : UNCERT BEHAVIOR NEO NEC"""
169,2392,1,"2392  = ""2392 : BONE/SKIN NEOPLASM NOS"""
170,2398,1,"2398  = ""2398 : NEOPLASM NOS- SITE NEC (end 2009)"""
171,2409,1,"2409  = ""2409 : GOITER NOS"""
173,2411,1,"2411  = ""2411 : NONTOX MULTINODUL GOITER"""
175,24290,1,"24290 = ""24290: THYROTOX NOS NO CRISIS"""
181,2469,1,"2469  = ""2469 : DISORDER OF THYROID NOS"""
187,25042,1,"25042 = ""25042: DIAB RENAL MANIF TYPE II DM UNCONT (Begin 1993)"""
188,25050,1,"25050 = ""25050: DIAB EYE MANIF TYPE II"""
190,25052,1,"25052 = ""25052: DIAB EYE MANIF TYPE II DM UNCONT (Begin 1993)"""
194,25082,1,"25082 = ""25082: DIAB W MANIF NEC TYPE II DM UNCONT (Begin 1993)"""
195,25083,1,"25083 = ""25083: DIAB W MANIF NEC TYPE I DM UNCONT (Begin 1993)"""
198,25092,1,"25092 = ""25092: DIAB W COMPL NOS TYPE II DM UNCONT (Begin 1993)"""
200,2511,1,"2511  = ""2511 : HYPERINSULINISM NEC"""
203,25200,1,"25200 = ""25200: HYPERPARATHYROIDISM NOS (Begin 2004)"""
204,25201,1,"25201 = ""25201: PRIMARY HYPERPARATHYROID (Begin 2004)"""
205,2531,1,"2531  = ""2531 : ANT PITUIT HYPERFUNC NEC"""
209,2537,1,"2537  = ""2537 : IATROGENIC PITUITARY DIS"""
210,2539,1,"2539  = ""2539 : PITUITARY DISORDER NOS"""
211,2551,1,"2551  = ""2551 : HYPERALDOSTERONISM (End 2003)"""
212,2552,1,"2552  = ""2552 : ADRENOGENITAL DISORDERS"""
214,2559,1,"2559  = ""2559 : ADRENAL DISORDER NOS"""
215,2572,1,"2572  = ""2572 : TESTICULAR HYPOFUNC NEC"""
218,262,1,"262   = ""262  : OTH SEVERE MALNUTRITION"""
220,2631,1,"2631  = ""2631 : MALNUTRITION MILD DEGREE"""
224,2689,1,"2689  = ""2689 : VITAMIN D DEFICIENCY NOS"""
228,2725,1,"2725  = ""2725 : LIPOPROTEIN DEFICIENCIES"""
229,2728,1,"2728  = ""2728 : LIPOID METABOL DIS NEC"""
244,27650,1,"27650 = ""27650: VOLUME DEPLETION NOS (Begin 2005)"""
257,2813,1,"2813  = ""2813 : MEGALOBLASTIC ANEMIA NEC"""
258,2814,1,"2814  = ""2814 : PROTEIN DEFIC ANEMIA"""
262,2830,1,"2830  = ""2830 : AUTOIMMUN HEMOLYTIC ANEM"""
263,2841,1,"2841  = ""2841 : PANCYTOPENIA (Begin 2006)"""
269,2858,1,"2858  = ""2858 : ANEMIA NEC"""
271,2860,1,"2860  = ""2860 : CONG FACTOR VIII DIORD"""
272,2862,1,"2862  = ""2862 : CONG FACTOR XI DISORDER"""
273,2867,1,"2867  = ""2867 : ACQ COAGUL FACTOR DEFIC"""
277,2879,1,"2879  = ""2879 : HEMORRHAGIC COND NOS"""
279,28803,1,"28803 = ""28803: DRUG INDUCED NEUTROPENIA (Begin 2006)"""
280,28850,1,"28850 = ""28850: LEUKOCYTOPENIA NOS (Begin 2006)"""
284,28959,1,"28959 = ""28959: SPLEEN DISEASE NEC"""
287,2899,1,"2899  = ""2899 : BLOOD DISEASE NOS"""
289,29010,1,"29010 = ""29010: PRESENILE DEMENTIA"""
290,29011,1,"29011 = ""29011: PRESENILE DELIRIUM"""
291,2903,1,"2903  = ""2903 : SENILE DELIRIUM"""
295,2918,1,"2918  = ""2918 : ALCOHOLIC PSYCHOSIS NEC  (End 1996)"""
297,2920,1,"2920  = ""2920 : DRUG WITHDRAWAL SYNDROME"""
300,2929,1,"2929  = ""2929 : DRUG MENTAL DISORDER NOS"""
304,29411,1,"29411 = ""29411: DEMENTIA IN OTH DISEASES WBEHAVIORAL OCT00-"""
308,29560,1,"29560 = ""29560: RESID SCHIZOPHREN-UNSP"""
309,29572,1,"29572 = ""29572: SCHIZOAFFECTIVE-CHRONIC"""
311,29592,1,"29592 = ""29592: SCHIZOPHRENIA NOS-CHR"""
312,29595,1,"29595 = ""29595: SCHIZOPHRENIA NOS-REMISS"""
314,29622,1,"29622 = ""29622: DEPRESSIVE PSYCHOSIS-MOD"""
315,29623,1,"29623 = ""29623: DEPRESS PSYCHOSIS-SEVERE"""
316,29626,1,"29626 = ""29626: DEPR PSYCHOS-FULL REMISS"""
317,29630,1,"29630 = ""29630: RECURR DEPR PSYCHOS-UNSP"""
318,29633,1,"29633 = ""29633: RECUR DEPR PSYCH-SEVERE"""
322,29690,1,"29690 = ""29690: AFFECTIVE PSYCHOSIS NOS"""
324,2982,1,"2982  = ""2982 : REACTIVE CONFUSION"""
328,3003,1,"3003  = ""3003 : OBSESSIVE-COMPULSIVE DIS"""
330,30122,1,"30122 = ""30122: SCHIZOTYPAL PERSONALITY"""
331,3019,1,"3019  = ""3019 : PERSONALITY DISORDER NOS"""
332,30300,1,"30300 = ""30300: AC ALCOHOL INTOX-UNSPEC"""
333,30301,1,"30301 = ""30301: AC ALCOHOL INTOX-CONTIN"""
343,30520,1,"30520 = ""30520: CANNABIS ABUSE-UNSPEC"""
346,30550,1,"30550 = ""30550: OPIOID ABUSE-UNSPEC"""
347,30561,1,"30561 = ""30561: COCAINE ABUSE-CONTINUOUS"""
349,30590,1,"30590 = ""30590: DRUG ABUSE NEC-UNSPEC"""
350,30593,1,"30593 = ""30593: DRUG ABUSE NEC-IN REMISS-"""
351,3061,1,"3061  = ""3061 : PSYCHOGENIC RESPIR DIS"""
354,30924,1,"30924 = ""30924: ADJ REACT-ANXIOUS MOOD"""
357,3099,1,"3099  = ""3099 : ADJUSTMENT REACTION NOS"""
358,3100,1,"3100  = ""3100 : FRONTAL LOBE SYNDROME"""
363,3152,1,"3152  = ""3152 : OTH LEARNING DIFFICULTY"""
364,3159,1,"3159  = ""3159 : DEVELOPMENT DELAY NOS"""
369,3203,1,"3203  = ""3203 : STAPHYLOCOCC MENINGITIS"""
372,3220,1,"3220  = ""3220 : NONPYOGENIC MENINGITIS"""
376,325,1,"325   = ""325  : PHLEBITIS INTRCRAN SINUS"""
379,3313,1,"3313  = ""3313 : COMMUNICAT HYDROCEPHALUS"""
381,3319,1,"3319  = ""3319 : CEREB DEGENERATION NOS"""
383,3321,1,"3321  = ""3321 : SECONDARY PARKINSONISM"""
387,3369,1,"3369  = ""3369 : SPINAL CORD DISEASE NOS"""
388,3371,1,"3371  = ""3371 : AUT NEUROPTHY IN OTH DIS"""
389,33729,1,"33729 = ""33729: REFLEX SYMPATH DYSTR OTH SPEC SITE (Begin 1993)"""
390,3379,1,"3379  = ""3379 : AUTONOMIC NERVE DIS NEC"""
393,3383,1,"3383  = ""3383 : NEOPLASM RELATED PAIN (Begin 2006)"""
394,33989,1,"33989 = ""33989: HEADACHE SYNDROME NEC (Begin 2008)"""
396,3418,1,"3418  = ""3418 : CNS DEMYELINATION NEC"""
399,34291,1,"34291 = ""34291: UNSPEC HEMIPLEGIA- DOMINANT SIDE (Begin 1994)"""
400,34292,1,"34292 = ""34292: UNSPEC HEMIPLEGIA- NONDOMINANT SIDE (Begin 1994)"""
401,3438,1,"3438  = ""3438 : CEREBRAL PALSY NEC"""
404,34461,1,"34461 = ""34461: NEUROGENIC BLADDER"""
405,3448,1,"3448  = ""3448 : PARALYTIC SYNDROMES NEC (End 1993)"""
409,34540,1,"34540 = ""34540: PSYMOTR EPIL W/O INT EPI (Begin 1989)"""
412,34681,1,"34681 = ""34681: MIGR NEC-INTRACT (Begin 1992)"""
414,347,1,"347   = ""347  : CATAPLEXY AND NARCOLEPSY (End 2004)"""
418,34830,1,"34830 = ""34830: ENCEPHALOPATHY- UNSPECIFIED (Begin 2003)"""
419,34831,1,"34831 = ""34831: METABOLIC ENCEPHALOPATHY (Begin 2003)"""
423,34889,1,"34889 = ""34889: Brain conditions NEC (Begin 2009)"""
424,3489,1,"3489  = ""3489 : BRAIN CONDITION NOS"""
426,3492,1,"3492  = ""3492 : DISORDER OF MENINGES NEC"""
429,34982,1,"34982 = ""34982: TOXIC ENCEPHALOPATHY"""
431,35,1,"035   = ""035  : ERYSIPELAS"""
435,3519,1,"3519  = ""3519 : FACIAL NERVE DIS NOS"""
436,3524,1,"3524  = ""3524 : ACCESSORY NERVE DISORDER"""
438,3529,1,"3529  = ""3529 : CRANIAL NERVE DIS NOS"""
439,3530,1,"3530  = ""3530 : BRACHIAL PLEXUS LESIONS"""
440,3549,1,"3549  = ""3549 : MONONEURITIS ARM NOS"""
441,3558,1,"3558  = ""3558 : MONONEURITIS LEG NOS"""
444,3573,1,"3573  = ""3573 : NEUROPATHY IN MALIG DIS"""
445,3576,1,"3576  = ""3576 : NEUROPATHY DUE TO DRUGS"""
447,3594,1,"3594  = ""3594 : TOXIC MYOPATHY"""
448,35989,1,"35989 = ""35989: OTHER MYOPATHIES (Begin 2002)"""
449,36051,1,"36051 = ""36051: OLD MAGNET FB- ANT CHAMB"""
451,3619,1,"3619  = ""3619 : RETINAL DETACHMENT NOS"""
453,36207,1,"36207 = ""36207: DIABETIC MACULAR EDEMA (Begin 2005)"""
454,36211,1,"36211 = ""36211: HYPERTENSIVE RETINOPATHY"""
456,36234,1,"36234 = ""36234: TRANSIENT ARTERIAL OCCLU"""
458,36253,1,"36253 = ""36253: CYSTOID MACULAR DEGEN"""
459,36260,1,"36260 = ""36260: PERIPH RETINA DEGEN NOS"""
460,36262,1,"36262 = ""36262: MICROCYSTOID DEGENERAT"""
461,36281,1,"36281 = ""36281: RETINAL HEMORRHAGE"""
462,36330,1,"36330 = ""36330: CHORIORETINAL SCAR NOS"""
463,3643,1,"03643 = ""03643: MENINGOCOCC MYOCARDITIS"""
464,36500,1,"36500 = ""36500: PREGLAUCOMA NOS"""
465,36510,1,"36510 = ""36510: OPEN-ANGLE GLAUCOMA NOS"""
466,36520,1,"36520 = ""36520: PRIM ANGL-CLOS GLAUC NOS"""
469,3668,1,"3668  = ""3668 : CATARACT NEC"""
471,3671,1,"3671  = ""3671 : MYOPIA"""
472,3674,1,"3674  = ""3674 : PRESBYOPIA"""
475,36840,1,"36840 = ""36840: VISUAL FIELD DEFECT NOS"""
476,36845,1,"36845 = ""36845: GEN VISUAL CONTRACTION"""
480,3693,1,"3693  = ""3693 : BLINDNESS NOS- BOTH EYES"""
483,36961,1,"36961 = ""36961: ONE EYE-TOTAL/OTH-UNKNWN"""
484,36963,1,"36963 = ""36963: ONE EYE-TOTAL/OTH-NORMAL"""
485,36970,1,"36970 = ""36970: LOW VISION- ONE EYE"""
486,36974,1,"36974 = ""36974: ONE EYE-MOD/OTHER-UNKNWN"""
489,37021,1,"37021 = ""37021: PUNCTATE KERATITIS"""
490,37024,1,"37024 = ""37024: PHOTOKERATITIS"""
493,37160,1,"37160 = ""37160: KERATOCONUS NOS"""
494,37189,1,"37189 = ""37189: CORNEAL DISORDER NEC"""
497,37239,1,"37239 = ""37239: CONJUNCTIVITIS NEC"""
503,37414,1,"37414 = ""37414: CICATRICIAL ECTROPION"""
505,37423,1,"37423 = ""37423: CICATRICIAL LAGOPHTHALM"""
507,37433,1,"37433 = ""37433: MECHANICAL PTOSIS"""
508,37434,1,"37434 = ""37434: BLEPHAROCHALASIS"""
509,37441,1,"37441 = ""37441: LID RETRACTION OR LAG"""
510,37482,1,"37482 = ""37482: EDEMA OF EYELID"""
511,37489,1,"37489 = ""37489: DISORDERS OF EYELID NEC"""
515,37521,1,"37521 = ""37521: EPIPHORA D/T EXCESS TEAR"""
518,37532,1,"37532 = ""37532: ACUTE DACRYOCYSTITIS"""
519,37542,1,"37542 = ""37542: CHRONIC DACRYOCYSTITIS"""
520,37543,1,"37543 = ""37543: LACRIMAL MUCOCELE"""
521,37553,1,"37553 = ""37553: LACRIM CANALIC STENOSIS"""
522,37554,1,"37554 = ""37554: LACRIMAL SAC STENOSIS"""
525,37569,1,"37569 = ""37569: LACRIM PASSGE CHANGE NEC"""
526,37600,1,"37600 = ""37600: ACUTE INFLAM NOS- ORBIT"""
530,37632,1,"37632 = ""37632: ORBITAL HEMORRHAGE"""
533,37700,1,"37700 = ""37700: PAPILLEDEMA NOS"""
534,37710,1,"37710 = ""37710: OPTIC ATROPHY NOS"""
535,37715,1,"37715 = ""37715: PARTIAL OPTIC ATROPHY"""
537,37741,1,"37741 = ""37741: ISCHEMIC OPTIC NEUROPTHY"""
541,37841,1,"37841 = ""37841: ESOPHORIA"""
542,37842,1,"37842 = ""37842: EXOPHORIA"""
550,37921,1,"37921 = ""37921: VITREOUS DEGENERATION"""
551,37923,1,"37923 = ""37923: VITREOUS HEMORRHAGE"""
552,37941,1,"37941 = ""37941: ANISOCORIA"""
553,37943,1,"37943 = ""37943: MYDRIASIS NOT D/T MYDRTC"""
554,3798,1,"3798  = ""3798 : EYE DISORDERS NEC"""
558,37999,1,"37999 = ""37999: ILL-DEFINED EYE DIS NEC"""
559,380,1,"0380  = ""0380 : STREPTOCOCCAL SEPTICEMIA"""
562,38100,1,"38100 = ""38100: AC NONSUP OTITIS MED NOS"""
566,38160,1,"38160 = ""38160: OBSTR EUSTACH TUBE NOS"""
567,38163,1,"38163 = ""38163: EXTRINSIC EUSTACH OBSTR"""
572,383,1,"0383  = ""0383 : ANAEROBIC SEPTICEMIA"""
573,38302,1,"38302 = ""38302: AC MASTOIDITIS-COMPL NEC"""
574,3831,1,"3831  = ""3831 : CHRONIC MASTOIDITIS"""
575,3841,1,"03841 = ""03841: H. INFLUENAE SEPTICEMIA"""
576,38420,1,"38420 = ""38420: PERFORAT TYMPAN MEMB NOS"""
578,38500,1,"38500 = ""38500: TYMPANOSCLEROSIS NOS"""
579,38530,1,"38530 = ""38530: CHOLESTEATOMA NOS"""
580,38589,1,"38589 = ""38589: DIS MID EAR/MASTOID NEC"""
581,38600,1,"38600 = ""38600: MENIERE-s DISEASE NOS"""
582,3862,1,"3862  = ""3862 : CENTRAL ORIGIN VERTIGO"""
583,388,1,"0388  = ""0388 : SEPTICEMIA NEC"""
591,38912,1,"38912 = ""38912: NEURAL HEARING LOSS"""
592,38918,1,"38918 = ""38918: SENSORNEUR LOSS COMB TYP"""
593,3892,1,"3892  = ""3892 : MIXED HEARING LOSS (end 2007)"""
595,3941,1,"3941  = ""3941 : RHEUMATIC MITRAL INSUFF"""
596,3951,1,"3951  = ""3951 : RHEUMATIC AORTIC INSUFF"""
597,3962,1,"3962  = ""3962 : MITRAL INSUF/AORT STENOS"""
601,398,1,"0398  = ""0398 : ACTINOMYCOSIS NEC"""
602,39890,1,"39890 = ""39890: RHEUMATIC HEART DIS NOS"""
607,40291,1,"40291 = ""40291: HYPERTEN HEART DIS W CHF"""
610,40491,1,"40491 = ""40491: HYPER HRT/REN NOS W CHF (Begin 1989)"""
611,40492,1,"40492 = ""40492: HY HT/REN NOS W REN FAIL (Begin 1989)"""
612,40493,1,"40493 = ""40493: HYP HT/REN NOS W CHF  &  RF (Begin 1989)"""
613,40591,1,"40591 = ""40591: RENOVASC HYPERTENSION"""
614,410,1,"0410  = ""0410 : STREPTOCOCCUS INFECT NOS (Begin 1980"
617,4102,1,"04102 = ""04102: GROUP B STREPTOCOCCUS (Begin 1992)"""
618,41031,1,"41031 = ""41031: AMI INFEROPOST- INITIAL (Begin 1989)"""
619,4104,1,"04104 = ""04104: GROUP D STREPTOCOCCUS (Begin 1992)"""
620,41041,1,"41041 = ""41041: AMI INFERIOR WALL- INIT (Begin 1989)"""
623,4108,1,"4108  = ""4108 : MYOCARDIAL INFARCT NEC (Begin 1980"
626,41092,1,"41092 = ""41092: AMI NOS- SUBSEQUENT (Begin 1989)"""
628,4110,1,"04110 = ""04110: STAPH UNSPEC (Begin 1992)"""
631,41189,1,"41189 = ""41189: AC ISCHEMIC HRT DIS NEC (Begin 1989)"""
640,41402,1,"41402 = ""41402: CORONARY ATHERO AUTOLOG VEIN (Begin 1994)"""
641,41410,1,"41410 = ""41410: ANEURYSM- HEART (WALL)"""
644,4151,1,"4151  = ""4151 : PULMON EMBOLISM/INFARCT (End 1995)"""
654,4186,1,"04186 = ""04186: HELICOBACTER PYLORI INFECTION (Begin 1995)"""
658,421,1,"0421  = ""0421 : HIV CAUS OTH SPEC INFECT (Begin 1986"
662,42490,1,"42490 = ""42490: ENDOCARDITIS NOS"""
669,42613,1,"42613 = ""42613: AV BLOCK-2ND DEGREE NEC"""
673,42650,1,"42650 = ""42650: BUNDLE BRANCH BLOCK NOS"""
674,42652,1,"42652 = ""42652: RT BBB/LFT ANT FASC BLK"""
675,42653,1,"42653 = ""42653: BILAT BB BLOCK NEC"""
677,4269,1,"4269  = ""4269 : CONDUCTION DISORDER NOS"""
683,42760,1,"42760 = ""42760: PREMATURE BEATS NOS"""
690,4281,1,"4281  = ""4281 : LEFT HEART FAILURE"""
691,42822,1,"42822 = ""42822: CHRONIC SYSTOLIC HEART FAILURE (Begin 2002)"""
693,42842,1,"42842 = ""42842: CHRON CMBINED SYST & DIAS HEART FAILR (Begin 2002)"""
703,43331,1,"43331 = ""43331: MULT PRECEREB OCCLUS W/ INFARCT (Begin 1993)"""
704,43400,1,"43400 = ""43400: CEREB THROMBOSIS W/O INFARCT (Begin 1993)"""
705,4349,1,"4349  = ""4349 : CEREBR ARTERY OCCLUS NOS (End 1993)"""
706,4359,1,"4359  = ""4359 : TRANS CEREB ISCHEMIA NOS"""
709,4373,1,"4373  = ""4373 : NONRUPT CEREBRAL ANEURYM"""
711,4379,1,"4379  = ""4379 : CEREBROVASC DISEASE NOS"""
713,43811,1,"43811 = ""43811: LATE EFF CVD APHASIA. (Begin 1997)"""
715,43821,1,"43821 = ""43821: LATE EFF CVD HEMIPLEG DOM (Begin 1997)"""
716,4387,1,"4387  = ""4387 : DISTURBANCES OF VERSION (Begin 2002)"""
717,43882,1,"43882 = ""43882: OT LATE EFF CVD DYSPHAGIA (Begin 1997)"""
719,4401,1,"4401  = ""4401 : RENAL ARTERY ATHEROSCLER"""
722,4412,1,"4412  = ""4412 : THORACIC AORTIC ANEURYSM"""
724,4422,1,"4422  = ""4422 : ILIAC ARTERY ANEURYSM"""
726,44389,1,"44389 = ""44389: PERIPH VASCULAR DIS NEC"""
728,44489,1,"44489 = ""44489: ARTERIAL EMBOLISM NEC"""
729,4465,1,"4465  = ""4465 : GIANT CELL ARTERITIS"""
730,4471,1,"4471  = ""4471 : STRICTURE OF ARTERY"""
731,4472,1,"4472  = ""4472 : RUPTURE OF ARTERY"""
732,4476,1,"4476  = ""4476 : ARTERITIS NOS"""
734,4510,1,"04510 = ""04510: PARAL POLIO NEC-TYPE NOS"""
735,45111,1,"45111 = ""45111: FEMORAL VEIN PHLEBITIS"""
736,4512,1,"04512 = ""04512: PARAL POLIO NEC-TYPE 2"""
739,4532,1,"4532  = ""4532 : VENA CAVA THROMBOSIS"""
740,45340,1,"45340 = ""45340: DVT/EMBLSM LOWER EXT NOS (Begin 2004)"""
741,45341,1,"45341 = ""45341: DVT/EMB PROX LOWER EXT (Begin 2004)"""
742,45342,1,"45342 = ""45342: DVT/EMB DISTAL LOWER EXT (Begin 2004)"""
744,4539,1,"4539  = ""4539 : VENOUS THROMBOSIS NOS"""
746,4550,1,"4550  = ""4550 : INT HEMORRHOID W/O COMPL"""
748,4558,1,"4558  = ""4558 : HEMRRHOID NOS W COMP NEC"""
753,4590,1,"04590 = ""04590: AC POLIO NOS-TYPE NOS"""
760,4613,1,"4613  = ""4613 : AC SPHENOIDAL SINUSITIS"""
764,4640,1,"4640  = ""4640 : ACUTE LARYNGITIS (End 2001)"""
766,4660,1,"4660  = ""4660 : ACUTE BRONCHITIS"""
773,4721,1,"4721  = ""4721 : CHRONIC PHARYNGITIS"""
781,47410,1,"47410 = ""47410: HYPERTROPHY T AND A"""
783,4778,1,"4778  = ""4778 : ALLERGIC RHINITIS NEC"""
788,47821,1,"47821 = ""47821: CELLULITIS OF PHARYNX"""
789,47826,1,"47826 = ""47826: CYST PHARYNX/NASOPHARYNX"""
791,47830,1,"47830 = ""47830: VOCAL CORD PARALYSIS NOS"""
792,47831,1,"47831 = ""47831: VOCAL PARAL UNILAT PART"""
793,47834,1,"47834 = ""47834: VOCAL PARAL BILAT TOTAL"""
794,4785,1,"4785  = ""4785 : VOCAL CORD DISEASE NEC"""
796,4789,1,"4789  = ""4789 : UPPER RESP DIS NEC/NOS"""
797,479,1,"0479  = ""0479 : VIRAL MENINGITIS NOS"""
800,4822,1,"4822  = ""4822 : H.INFLUENZAE PNEUMONIA"""
801,48230,1,"48230 = ""48230: STREP PNEUMONIA UNSPEC (Begin 1992)"""
803,4828,1,"4828  = ""4828 : BACTERIAL PNEUMONIA NEC (Begin 1980"
804,48289,1,"48289 = ""48289: BACT PNEUMONIA NEC (Begin 1992)"""
806,49,1,"0049  = ""0049 : SHIGELLOSIS NOS"""
813,4920,1,"4920  = ""4920 : EMPHYSEMATOUS BLEB"""
815,49300,1,"49300 = ""49300: EXT ASTHMA W/O STAT ASTH"""
817,49321,1,"49321 = ""49321: CH OB ASTHMA W STAT ASTH (Begin 1989)"""
818,49322,1,"49322 = ""49322: CH OB ASTHMA W/ACUTE EXACERBATION (Begin 2000)"""
820,49391,1,"49391 = ""49391: ASTHMA W/ STATUS ASTHMAT"""
821,494,1,"494   = ""494  : BRONCHIECTASIS (End 2000)"""
823,500,1,"0500  = ""0500 : VARIOLA MAJOR"""
826,5081,1,"5081  = ""5081 : CHR PUL MANIF D/T RADIAT"""
827,5110,1,"5110  = ""5110 : PLEURISY W/O EFFUS OR TB"""
830,5120,1,"5120  = ""5120 : SPONT TENS PNEUMOTHORAX"""
832,5128,1,"5128  = ""5128 : SPONT PNEUMOTHORAX NEC"""
838,5184,1,"5184  = ""5184 : ACUTE LUNG EDEMA NOS"""
842,51884,1,"51884 = ""51884: AC AND CHR RESP FAILURE (Begin 1998)"""
844,51901,1,"51901 = ""51901: TRACHEOST INFECTN (Begin 1998)"""
852,5225,1,"5225  = ""5225 : PERIAPICAL ABSCESS"""
853,5226,1,"5226  = ""5226 : CHR APICAL PERIODONTITIS"""
854,5227,1,"5227  = ""5227 : PERIAPICAL ABSC W SINUS"""
858,5235,1,"5235  = ""5235 : PERIODONTOSIS"""
863,52460,1,"52460 = ""52460: TMJ DISORDERS NOS (Begin 1991)"""
866,52540,1,"52540 = ""52540: COMPLETE EDENTULISM NOS (Begin 2005)"""
868,5259,1,"5259  = ""5259 : DENTAL DISORDER NOS"""
871,5265,1,"5265  = ""5265 : ALVEOLITIS OF JAW"""
872,52681,1,"52681 = ""52681: EXOSTOSIS OF JAW"""
875,5277,1,"5277  = ""5277 : SALIVARY SECRETION DIS"""
876,5278,1,"5278  = ""5278 : SALIVARY GLAND DIS NEC"""
881,5286,1,"5286  = ""5286 : LEUKOPLAKIA ORAL MUCOSA"""
883,5300,1,"5300  = ""5300 : ACHALASIA & CARDIOSPASM"""
885,53010,1,"53010 = ""53010: ESOPHAGITIS UNSPEC (Begin 1993)"""
888,5303,1,"5303  = ""5303 : ESOPHAGEAL STRICTURE"""
889,5306,1,"5306  = ""5306 : ACQ ESOPHAG DIVERTICULUM"""
892,53150,1,"53150 = ""53150: CHR STOMACH ULCER W PERF"""
893,53190,1,"53190 = ""53190: STOMACH ULCER NOS"""
894,5320,1,"05320 = ""05320: HERPES ZOSTER OF EYELID"""
898,5350,1,"5350  = ""5350 : ACUTE GASTRITIS (Begin 1980"
899,53500,1,"53500 = ""53500: ACUTE GASTRTIS W/O HMRHG (Begin 1991)"""
900,53510,1,"53510 = ""53510: ATRPH GASTRTIS W/O HMRHG (Begin 1991)"""
901,53540,1,"53540 = ""53540: OTH SPF GSTRT W/O HMRHG (Begin 1991)"""
903,53560,1,"53560 = ""53560: DUODENITIS W/O HMRHG (Begin 1991)"""
904,5363,1,"5363  = ""5363 : GASTROPARESIS (Begin 1994)"""
906,53649,1,"53649 = ""53649: GASTROST COMPL OTH (Begin 1998)"""
909,5370,1,"5370  = ""5370 : ACQ PYLORIC STENOSIS"""
910,53789,1,"53789 = ""53789: GASTRODUODENAL DIS NEC"""
914,5523,1,"5523  = ""5523 : DIAPHRAGM HERNIA W OBSTR"""
916,55320,1,"55320 = ""55320: VENTRAL HERNIA NOS"""
917,55321,1,"55321 = ""55321: INCISIONAL HERNIA"""
919,5559,1,"5559  = ""5559 : REGIONAL ENTERITIS NOS"""
921,5570,1,"5570  = ""5570 : AC VASC INSUFF INTESTINE"""
922,5571,1,"05571 = ""05571: MEASLES KERATITIS"""
930,56409,1,"56409 = ""56409: OTHER CONSTIPATION (Begin 2001)"""
932,5642,1,"5642  = ""5642 : POSTGASTRIC SURGERY SYND"""
934,5650,1,"5650  = ""5650 : ANAL FISSURE"""
935,5672,1,"5672  = ""5672 : SUPPURAT PERITONITIS NEC (End 2005)"""
936,56729,1,"56729 = ""56729: SUPPURAT PERITONITIS NEC (Begin 2005)"""
937,56889,1,"56889 = ""56889: PERITONEAL DISORDER NEC"""
938,5695,1,"5695  = ""5695 : INTESTINAL ABSCESS"""
939,56983,1,"56983 = ""56983: PERFORATION OF INTESTINE"""
940,56989,1,"56989 = ""56989: INTESTINAL DISORDERS NEC"""
942,5713,1,"5713  = ""5713 : ALCOHOL LIVER DAMAGE UNSPEC"""
943,57142,1,"57142 = ""57142: AUTOIMMUNE HEPATITIS (Begin 2008)"""
947,5728,1,"5728  = ""5728 : OTH SEQUELA- CHR LIV DIS"""
948,5738,1,"5738  = ""5738 : LIVER DISORDERS NEC"""
951,57411,1,"57411 = ""57411: CHOLELITH/GB INF NEC-OBS"""
953,5758,1,"5758  = ""5758 : DIS OF GALLBLADDER NEC"""
954,5759,1,"5759  = ""5759 : DIS OF GALLBLADDER NOS"""
957,5778,1,"5778  = ""5778 : PANCREATIC DISEASE NEC"""
961,5790,1,"5790  = ""5790 : CELIAC DISEASE"""
962,5793,1,"5793  = ""5793 : INTEST POSTOP NONABSORB"""
963,5809,1,"5809  = ""5809 : ACUTE NEPHRITIS NOS"""
965,5831,1,"5831  = ""5831 : MEMBRANOUS NEPHRITIS NOS"""
967,5839,1,"5839  = ""5839 : NEPHRITIS NOS"""
969,5848,1,"5848  = ""5848 : AC RENAL FAILURE NEC"""
972,5854,1,"5854  = ""5854 : CHR KIDNEY DIS STAGE IV (Begin 2005)"""
973,5855,1,"5855  = ""5855 : CHRON KIDNEY DIS STAGE V (Begin 2005)"""
976,586,1,"586   = ""586  : RENAL FAILURE NOS"""
977,5888,1,"5888  = ""5888 : IMPAIRED RENAL FUNCT NEC (End 2004)"""
980,5934,1,"5934  = ""5934 : URETERIC OBSTRUCTION NEC"""
981,59381,1,"59381 = ""59381: RENAL VASCULAR DISORDER"""
982,59389,1,"59389 = ""59389: RENAL & URETERAL DIS NEC"""
986,59659,1,"59659 = ""59659: OTHER FUNC DISORDER BLADD (Begin 1992)"""
987,5968,1,"5968  = ""5968 : BLADDER DISORDER NEC"""
988,5982,1,"5982  = ""5982 : POSTOP URETHRAL STRICTUR"""
989,5988,1,"5988  = ""5988 : URETHRAL STRICTURE NEC"""
994,59970,1,"59970 = ""59970: HEMATURIA NOS (Begin 2008)"""
999,6009,1,"6009  = ""6009 : HYPERPLASIA OF PROSTATE- UNSPECIFIED (Begin 2000"
1000,60091,1,"60091 = ""60091: HYPERPLASIA OF PROSTATE- UNSPECIFIED- WITH UR (Begin 2003)"""
1002,605,1,"605   = ""605  : REDUN PREPUCE & PHIMOSIS"""
1003,60785,1,"60785 = ""60785: PEYRONIES DISEASE (Begin 2003)"""
1004,6111,1,"6111  = ""6111 : HYPERTROPHY OF BREAST"""
1006,6118,1,"6118  = ""6118 : BREAST DISORDERS NEC (end 2008)"""
1007,61610,1,"61610 = ""61610: VAGINITIS NOS"""
1008,6231,1,"6231  = ""6231 : LEUKOPLAKIA OF VAGINA"""
1009,632,1,"0632  = ""0632 : CENT EUROPE ENCEPHALITIS"""
1010,63592,1,"63592 = ""63592: LEGAL ABORT UNCOMPL-COMP"""
1011,64890,1,"64890 = ""64890: OTH CURR COND PREG-UNSP"""
1012,6800,1,"6800  = ""6800 : CARBUNCLE OF FACE"""
1013,6804,1,"6804  = ""6804 : CARBUNCLE OF HAND"""
1015,6822,1,"6822  = ""6822 : CELLULITIS OF TRUNK"""
1019,6827,1,"6827  = ""6827 : CELLULITIS OF FOOT"""
1020,6828,1,"6828  = ""6828 : CELLULITIS- SITE NEC"""
1022,6910,1,"6910  = ""6910 : DIAPER OR NAPKIN RASH"""
1023,69271,1,"69271 = ""69271: SUNBURN"""
1025,69289,1,"69289 = ""69289: DERMATITIS NEC"""
1029,6953,1,"6953  = ""6953 : ROSACEA"""
1030,6954,1,"6954  = ""6954 : LUPUS ERYTHEMATOSUS"""
1031,69589,1,"69589 = ""69589: ERYTHEMATOUS COND NEC"""
1033,6983,1,"6983  = ""6983 : LICHENIFICATION"""
1037,7015,1,"7015  = ""7015 : ABNORMAL GRANULATION NEC"""
1038,702,1,"0702  = ""0702 : HEPATITIS B WITH COMA (Begin 1980"
1041,70409,1,"70409 = ""70409: ALOPECIA NEC"""
1046,70700,1,"70700 = ""70700: DECUBITUS ULCER SITE NOS (Begin 2004)"""
1049,70714,1,"70714 = ""70714: ULCER OF HEEL & MIDFOOT (Begin 2000)"""
1050,7078,1,"7078  = ""7078 : CHRONIC SKIN ULCER NEC"""
1051,7080,1,"7080  = ""7080 : ALLERGIC URTICARIA"""
1052,7089,1,"7089  = ""7089 : URTICARIA NOS"""
1054,7093,1,"7093  = ""7093 : DEGENERATIVE SKIN DISORD"""
1058,7101,1,"7101  = ""7101 : SYSTEMIC SCLEROSIS"""
1059,7102,1,"7102  = ""7102 : SICCA SYNDROME"""
1061,71481,1,"71481 = ""71481: RHEUMATOID LUNG"""
1062,71509,1,"71509 = ""71509: GENERAL OSTEOARTHROSIS"""
1064,71536,1,"71536 = ""71536: LOC OSTEOARTH NOS-L/LEG"""
1067,71591,1,"71591 = ""71591: OSTEOARTHROS NOS-SHLDER"""
1069,71595,1,"71595 = ""71595: OSTEOARTHROS NOS-PELVIS"""
1071,71598,1,"71598 = ""71598: OSTEOARTHRO NOS-OTH SITE"""
1072,71650,1,"71650 = ""71650: POLYARTHRITIS NOS-UNSPEC"""
1075,71691,1,"71691 = ""71691: ARTHROPATHY NOS-SHLDER"""
1077,71695,1,"71695 = ""71695: ARTHROPATHY NOS-PELVIS"""
1081,71897,1,"71897 = ""71897: JT DERANGEMENT NOS-ANKLE"""
1082,71906,1,"71906 = ""71906: JOINT EFFUSION-L/LEG"""
1083,71945,1,"71945 = ""71945: JOINT PAIN-PELVIS"""
1084,71946,1,"71946 = ""71946: JOINT PAIN-L/LEG"""
1087,7212,1,"7212  = ""7212 : THORACIC SPONDYLOSIS"""
1088,7213,1,"7213  = ""7213 : LUMBOSACRAL SPONDYLOSIS"""
1090,7231,1,"7231  = ""7231 : CERVICALGIA"""
1091,7235,1,"7235  = ""7235 : TORTICOLLIS NOS"""
1095,7243,1,"7243  = ""7243 : SCIATICA"""
1096,7244,1,"7244  = ""7244 : LUMBOSACRAL NEURITIS NOS"""
1098,7248,1,"7248  = ""7248 : OTHER BACK SYMPTOMS"""
1100,72610,1,"72610 = ""72610: ROTATOR CUFF SYND NOS"""
1102,72709,1,"72709 = ""72709: SYNOVITIS NEC"""
1103,7283,1,"7283  = ""7283 : MUSCLE DISORDERS NEC"""
1105,7289,1,"7289  = ""7289 : MUSCLE/LIGAMENT DIS NOS"""
1106,7290,1,"7290  = ""7290 : RHEUMATISM NOS"""
1108,7292,1,"7292  = ""7292 : NEURALGIA/NEURITIS NOS"""
1109,72982,1,"72982 = ""72982: CRAMP IN LIMB"""
1115,7313,1,"7313  = ""7313 : MAJOR OSSEOUS DEFECTS (Begin 2006)"""
1117,73309,1,"73309 = ""73309: OSTEOPOROSIS NEC"""
1118,7331,1,"7331  = ""7331 : PATHOLOGICAL FRACTURE (End 1993)"""
1120,73329,1,"73329 = ""73329: BONE CYST NEC"""
1121,7333,1,"7333  = ""7333 : HYPEROSTOSIS OF SKULL"""
1122,73340,1,"73340 = ""73340: ASEPT NECROSIS BONE NOS"""
1126,73710,1,"73710 = ""73710: KYPHOSIS NOS"""
1130,7384,1,"7384  = ""7384 : ACQ SPONDYLOLISTHESIS"""
1131,7391,1,"7391  = ""7391 : SOMAT DYSFUNC CERVIC REG"""
1132,7420,1,"07420 = ""07420: COXSACKIE CARDITIS NOS"""
1133,7421,1,"07421 = ""07421: COXSACKIE PERICARDITIS"""
1134,74259,1,"74259 = ""74259: SPINAL CORD ANOMALY NEC"""
1135,7455,1,"7455  = ""7455 : SECUNDUM ATRIAL SEPT DEF"""
1136,7462,1,"7462  = ""7462 : EBSTEIN-s ANOMALY"""
1137,74769,1,"74769 = ""74769: OTH SPEC PERIPH VASCULAR ANOM (Begin 1993)"""
1138,74781,1,"74781 = ""74781: CEREBROVASCULAR ANOMALY"""
1139,7481,1,"7481  = ""7481 : NOSE ANOMALY NEC"""
1140,74900,1,"74900 = ""74900: CLEFT PALATE NOS"""
1141,7514,1,"7514  = ""7514 : INTESTINAL FIXATION ANOM"""
1142,7531,1,"7531  = ""7531 : CYSTIC KIDNEY DISEASE (Begin 1980"
1143,75312,1,"75312 = ""75312: POLYCYSTIC KIDNEY NOS (Begin 1990)"""
1144,7560,1,"7560  = ""7560 : ANOMAL SKULL/FACE BONES"""
1145,75619,1,"75619 = ""75619: ANOMALY OF SPINE NEC"""
1147,75982,1,"75982 = ""75982: MARFAN SYNDROME (Begin 1989)"""
1148,7800,1,"7800  = ""7800 : COMA AND STUPOR (Begin 1980"
1150,78002,1,"78002 = ""78002: TRANSIENT ALTER AWARENESS (Begin 1992)"""
1158,78053,1,"78053 = ""78053: HYPERSOMNI W SLEEP APNEA"""
1161,78060,1,"78060 = ""78060: FEVER NOS (Begin 2008)"""
1162,7807,1,"7807  = ""7807 : MALAISE AND FATIGUE (End 1998)"""
1165,78093,1,"78093 = ""78093: MEMORY LOSS (Begin 2003)"""
1168,781,1,"0781  = ""0781 : VIRAL WARTS (End 1993)"""
1172,7813,1,"7813  = ""7813 : LACK OF COORDINATION"""
1175,78199,1,"78199 = ""78199: OTHER SYMPTOMS-MUSCULOSKEL (Begin 2000)"""
1179,7827,1,"7827  = ""7827 : SPONTANEOUS ECCHYMOSES"""
1182,7833,1,"7833  = ""7833 : FEEDING PROBLEM"""
1183,78340,1,"78340 = ""78340: LACK NORM PHYSIOL DEVELOP UNSPEC (Begin 2000)"""
1184,7835,1,"7835  = ""7835 : POLYDIPSIA"""
1189,78449,1,"78449 = ""78449: VOICE DISTURBANCE NEC"""
1192,7848,1,"7848  = ""7848 : HEMORRHAGE FROM THROAT"""
1194,7851,1,"7851  = ""7851 : PALPITATIONS"""
1196,78551,1,"78551 = ""78551: CARDIOGENIC SHOCK"""
1198,78559,1,"78559 = ""78559: SHOCK W/O TRAUMA NEC"""
1202,7861,1,"7861  = ""7861 : STRIDOR"""
1205,78651,1,"78651 = ""78651: PRECORDIAL PAIN"""
1206,78652,1,"78652 = ""78652: PAINFUL RESPIRATION"""
1209,7868,1,"7868  = ""7868 : HICCOUGH"""
1214,7871,1,"7871  = ""7871 : HEARTBURN"""
1218,78722,1,"78722 = ""78722: DYSPHAGIA"
1220,7873,1,"7873  = ""7873 : FLATUL/ERUCTAT/GAS PAIN"""
1221,7876,1,"7876  = ""7876 : INCONTINENCE OF FECES"""
1223,7881,1,"07881 = ""07881: EPIDEMIC VERTIGO"""
1226,78821,1,"78821 = ""78821: INCOMPLETE BLADDER EMPTYING (Begin 1993)"""
1228,7883,1,"7883  = ""7883 : INCONTINENCE OF URINE (Begin 1980"
1230,78831,1,"78831 = ""78831: URGE INCONTINENCE (Begin 1992)"""
1231,78839,1,"78839 = ""78839: URINARY INCONTIN NEC (Begin 1992)"""
1233,78842,1,"78842 = ""78842: POLYURIA (Begin 1993)"""
1234,7885,1,"7885  = ""7885 : OLIGURIA & ANURIA"""
1235,78869,1,"78869 = ""78869: OTH ABNORM OF URINATION (Begin 1993)"""
1236,7889,1,"07889 = ""07889: VIRAL DISEASE NEC"""
1238,7893,1,"7893  = ""7893 : ABDOM/PELVIC SWELLNG NEC (End 1994)"""
1239,78937,1,"78937 = ""78937: ABDOM MASS GENERALIZED (Begin 1994)"""
1240,79001,1,"79001 = ""79001: PRECIPITOUS DROP IN HEMATOCRIT (Begin 2000)"""
1246,79091,1,"79091 = ""79091: ABN ART BLOOD GASES (Begin 1993)"""
1248,7910,1,"7910  = ""7910 : PROTEINURIA"""
1250,7921,1,"7921  = ""7921 : ABN FIND-STOOL CONTENTS"""
1255,7963,1,"7963  = ""7963 : LOW BLOOD PRESS READING"""
1256,7964,1,"7964  = ""7964 : ABN CLINICAL FINDING NEC"""
1260,7992,1,"7992  = ""7992 : SIGNS AND SYMPTOMS INVOLVING EMOTIONAL STATE (Begin 2009)"""
1263,8020,1,"8020  = ""8020 : NASAL BONE FX-CLOSED"""
1264,80222,1,"80222 = ""80222: SUBCONDYLAR FX MANDIB-CL"""
1265,8024,1,"8024  = ""8024 : FX MALAR/MAXILLARY-CLOSE"""
1267,80709,1,#N/A
1268,82003,1,#N/A
1269,83500,1,#N/A
1271,8472,1,#N/A
1274,86403,1,#N/A
1276,8710,1,"E8710 = ""E8710: POST-SURGICAL FORGN BODY"""
1277,8714,1,#N/A
1279,9050,1,#N/A
1283,9212,1,#N/A
1284,92311,1,#N/A
1285,932,1,#N/A
1286,9330,1,#N/A
1287,9331,1,#N/A
1288,9341,1,#N/A
1290,9349,1,#N/A
1291,94522,1,#N/A
1292,94800,1,#N/A
1293,9553,1,#N/A
1294,9580,1,#N/A
1295,95909,1,#N/A
1296,990,1,"0990  = ""0990 : CHANCROID"""
1298,9954,1,"09954 = ""09954: CHLAMYDIA-OTHER GU (Begin 1992)"""
1303,99651,1,#N/A
1305,99653,1,"99653 = ""99653: LENS PROSTHESIS MALFUNC (Begin 1987)"""
1307,99660,1,#N/A
1314,99675,1,#N/A
1315,99676,1,#N/A
1324,99731,1,#N/A
1325,99739,1,#N/A
1338,99830,1,#N/A
1341,9984,1,#N/A
1353,9999,1,#N/A
1354,E8199,1,#N/A
1355,E8490,1,#N/A
1357,E8499,1,#N/A
1359,E8708,1,#N/A
1360,E8769,1,#N/A
1365,E8792,1,#N/A
1366,E8796,1,#N/A
1368,E8799,1,#N/A
1369,E8889,1,#N/A
1371,E9248,1,#N/A
1372,E9288,1,#N/A
1373,E9300,1,#N/A
1374,E9301,1,#N/A
1377,E9309,1,#N/A
1383,E9358,1,#N/A
1385,E9382,1,#N/A
1386,E9384,1,#N/A
1388,E9453,1,#N/A
1389,E9478,1,#N/A
1390,E9479,1,#N/A
1391,V017 ,1,#N/A
1392,V0259,1,#N/A
1395,V048 ,1,#N/A
1396,V066 ,1,#N/A
1402,V1003,1,#N/A
1404,V1006,1,#N/A
1406,V1012,1,#N/A
1418,V1059,1,#N/A
1419,V1060,1,#N/A
1434,V122 ,1,#N/A
1435,V124 ,1,#N/A
1436,V1242,1,#N/A
1437,V1249,1,#N/A
1440,V1252,1,#N/A
1447,V1302,1,#N/A
1454,V1501,1,#N/A
1455,V1504,1,#N/A
1456,V1505,1,#N/A
1457,V1507,1,#N/A
1461,V152 ,1,#N/A
1463,V1559,1,#N/A
1470,V162 ,1,#N/A
1479,V171 ,1,#N/A
1481,V1749,1,#N/A
1482,V180 ,1,#N/A
1483,V198 ,1,#N/A
1484,V221 ,1,#N/A
1491,V434 ,1,#N/A
1497,V442 ,1,#N/A
1499,V444 ,1,#N/A
1504,V452 ,1,#N/A
1505,V453 ,1,#N/A
1509,V4572,1,#N/A
1516,V4586,1,#N/A
1520,V4961,1,#N/A
1521,V4962,1,#N/A
1528,V571 ,1,#N/A
1529,V573 ,1,#N/A
1530,V581 ,1,#N/A
1531,V5842,1,#N/A
1533,V5863,1,#N/A
1538,V589 ,1,#N/A
1540,V603 ,1,#N/A
1541,V618 ,1,#N/A
1542,V6406,1,#N/A
1547,V6549,1,#N/A
1551,V6889,1,#N/A
1553,V7283,1,#N/A
1554,V7284,1,#N/A
1557,V8521,1,#N/A
1558,V8522,1,#N/A
1559,V8523,1,#N/A
1561,V8534,1,#N/A
1562,V8536,1,#N/A
